year,date,journal,title,doi,authors,url,sources,matched_queries,abstract
2026,2026-09-03,Inorganic Chemistry,"Naphthyl-Substituted Carbodiphosphoranes: Synthesis, Formation of Copper(I) Complexes, and Thermally Activated Delayed Fluorescence Properties",10.1021/acs.inorgchem.6c02476,Tobias Dunaj; Indranil Sen; Istemi Kuzu; Andreas Steffen,https://doi.org/10.1021/acs.inorgchem.6c02476,OpenAlex,phosphonium TADF,"Abstract We present the two-step synthesis of two new 2-naphthyl-substituted carbodiphosphoranes (CDPs). In the first step, either two equivalents of P(Naph)Ph2 (Naph = 2-naphthyl) and CH2Br2 or P(Naph)Ph2 and [Ph3P(CH2Br)]Br are reacted, whereby the symmetrical bis(phosphonium) salt 1a and the unsymmetric salt 1b are obtained. Subsequently, the CDPs 2a and 2b were prepared by deprotonation with two equivalents of potassium bis(trimethylsilyl)amide. After isolation, the coordination chemistry of 2a and 2b toward CuCl is explored where, depending on the stoichiometries of the starting materials, mononuclear (3a and 3b) and dinuclear compounds (4a and 4b) are obtained. All prepared compounds were characterized by NMR spectroscopy, mass spectrometry, and elemental analysis, and for 1a/b, 2a, 3b, and 4a/b, single crystals suitable for X-ray diffraction studies could be obtained. Furthermore, the photophysical properties of the 2-naphthyl-substituted CDPs 2a/b and their corresponding CuI complexes 3a/b and 4a/b have been investigated by steady-state and time-resolved luminescence studies at room temperature and at 77 K in various aggregation states, and further insight is provided by DFT/TD-DFT calculations. While 2a/b display features of thermally activated delayed fluorescence (TADF), 3a/b and 4a/b exhibit a much more complex excited-state behavior due to the interplay of metal-to-ligand charge transfer (MLCT) and naphthyl ligand-centered (LC) states, resulting in multiple simultaneous luminescence phenomena involving TADF, 1LC, and 3LC emission."
2026,2026-08-22,ChemSusChem,4CzIPN Photosensitizes the Cobaloxime‐Catalyzed Light‐Driven Hydrogen Evolution Reaction,10.1002/cssc.70942,Alexander Tombrink; Benedikt Callies; Stephan Kupfer; Daniel Kowalczyk; Benedik Wiedemann; Dirk Ziegenbalg; Kalina Peneva; Birgit Esser,https://doi.org/10.1002/cssc.70942,OpenAlex,ammonium TADF,"TADF compounds have found great application as photocatalyst in recent years. Their use as photosensitizers (PS), however, is still limited although they have a huge potential as abundant alternatives for traditional noble metal-based PSs, such as [Ru(bpy) 3 ] 2+ . We herein investigate the TADF compound 4CzIPN as a PS together with the catalyst cobaloxime (Co(dmgH) 2 (py)Cl) in the photochemical hydrogen-evolution reaction (HER). Systematic optimization of the solvent composition, 4CzIPN concentration, catalyst concentration, and sacrificial electron donor identified ammonium ascorbate as the most effective SED under the conditions tested. Under optimized conditions, the system reached a TON of 6451 ± 82 after 20 h irradiation. Stern-Volmer quenching experiments and scalar-relativistic quantum-chemical calculations provided rate constants for the different processes in the photosensitization mechanism, demonstrating that the quenching of the excited singlet state (S 1 ) of 4CzIPN by ammonium ascorbate is by far more dominant than the quenching of its excited triplet state (T 1 ). This work demonstrates that 4CzIPN can sensitize the cobaloxime-catalyzed light-driven HER with ammonium ascorbate as the SED and provides mechanistic insight into the role of singlet- and triplet-state quenching in TADF photosensitization."
2026,2026-08-20,Chemistry of Materials,Thermally Activated Delayed Fluorescence-Assisted Near-Infrared Emission from Cationic-Ligand Cuprous Iodide Hybrids for Near-Infrared Imaging,10.1021/acs.chemmater.6c01799,Jingwen Chen; Xueqian Wu; Xiaodong Gu (1376928); Minghui Zhang; Kang Zhou; Xiuze Hei; Jing Li,https://doi.org/10.1021/acs.chemmater.6c01799,OpenAlex,cationic thermally activated delayed fluorescence,"Abstract Developing efficient near-infrared (NIR) emitters based on metal halide hybrids requires both narrow bandgaps and precise control of radiative excited-state decay. Herein, we report two low-bandgap, all-in-one (AIO) CuI hybrid emitters synthesized using cationic ligands. Both exhibit broad NIR emission centered around 900 nm but display markedly different photoluminescence quantum yields (PLQYs). Compound 1 achieves the highest reported PLQY of 32.0% among metal-halide hybrid NIR emitters with emission wavelengths longer than 800 nm, whereas compound 2 shows a much lower PLQY of 8.3%. Structural, temperature-dependent photophysical, and TD-DFT studies reveal that the ligand-controlled coordination geometry plays a key role in regulating the emissive excited states. The more regular coordination environment in compound 1 favors a charge-transfer excited state with a small singlet–triplet energy gap, enabling thermally activated delayed fluorescence-assisted NIR emission. Conversely, compound 2 is dominated by low-lying triplet states with stronger cluster-centered character. Furthermore, compound 1 can be easily processed into nanoparticles and polymer composite films, enabling proof-of-concept phosphor-converted NIR imaging. This work expands the cationic-ligand strategy for the development of NIR-emissive CuI hybrids and provides key insights into leveraging excited-state dynamics to achieve efficient low-energy emission."
2026,2026-07-14,Advanced Functional Materials,Indolo‐Fused MR‐TADF Materials and their Application in Organelle‐Targeted Bioimaging,10.1002/adfm.76913,Sushil Sharma; Xujun Qiu; Thomas Kalab; Athan T. Gogoulis; Brian O. Patrick; Zachary M. Hudson,https://doi.org/10.1002/adfm.76913,Crossref,TADF LEC; TADF LEEC; counterion TADF; imidazolium TADF; phosphonium TADF; pyridinium TADF,"ABSTRACT Organic multiresonance thermally activated delayed fluorescence (MR‐TADF) emitters offer a promising platform for achieving narrowband emission with high color purity, however, tuning emission color into the red region while maintaining high efficiency remains a key challenge. Herein, we report a series of indolo‐fused quinolino[3,2,1‐de]acridine‐5,9‐dione (QAO)‐based MR‐TADF emitters mN‐QAO, mN‐SQAO, pN‐QAO, and pN‐SQAO to systematically investigate the impact of fusion position and sulfur locking on their photophysical properties. Positional variation of the indole unit enables efficient color tuning from blue (λ max = 455 nm) to green emission (λ max = 516 nm), while preserving narrowband emission (FWHM = 21–24 nm). Incorporation of a sulfur lock further modulates the electronic structure, promoting enhanced charge‐transfer (CT) and red‐shifted emission with moderate photoluminescence quantum yields (∼48%). Combined experimental and theoretical analyses reveal that sulfur locking enhances HOMO delocalization and introduces a balance between short‐ and long‐range CT, which governs the observed emission behavior. Furthermore, the red‐emitting pN‐SQAO was employed to fabricate water‐dispersible glassy organic dots (g‐Odots), which retain MR‐TADF characteristics in aqueous media and exhibit efficient cellular uptake. Notably, these nanostructures demonstrate lysosomal localization, while further functionalization with a triphenylphosphonium moiety (Mito‐pN‐SQAO) enables selective mitochondrial targeting. This represents the first example of g‐Odots achieving targeted mitochondrial localization. This study establishes a versatile molecular design strategy for tuning MR‐TADF properties and expands their applications into targeted bioimaging."
2026,2026-06-18,Angewandte Chemie,Decoupling X‐Ray Absorption and Emission: Ionic TADF Scintillators With Heavy‐Atom‐Functionalized Organic Anions,10.1002/ange.3693605,Dong Liang; Qing He; Ji‐Hui Jia; Xian‐Bao Cai; HU Song-bai; Can‐Zhong Lu,https://doi.org/10.1002/ange.3693605,Crossref; OpenAlex,TADF LEC; TADF LEEC; counterion TADF; imidazolium TADF; ionic TADF; phosphonium TADF; pyridinium TADF,"ABSTRACT Organic scintillators hold great promise for x‐ray imaging due to their solution processability and low cost, yet their practical application is fundamentally limited by weak x‐ray absorption and inefficient exciton utilization. Here, we overcome these limitations through a functional‐separation design that yields exceptional radioluminescence in a purely organic system. We have developed ionic phosphonium scintillators integrating thermally activated delayed fluorescence (TADF) cations with heavy‐atom‐containing organic anions. In this architecture, the organic anions act as sensitizing antennas for x‐ray photons, while the TADF cations independently govern the emission process. Upon x‐ray excitation, energy is unidirectionally transferred from the heavy anions to the luminophores, followed by efficient triplet harvesting via TADF—delivering materials that achieve photoluminescence quantum yields of up to 81%. Leveraging this molecular design, a highly doped (60 wt%) transparent screen based on the brominated compound achieves a remarkable spatial resolution of 97.8 lp/mm. The imaging screen enables clear visualization of fine structures, such as the internal wiring in electronic chips and a 400‐mesh copper grid. By decoupling x‐ray absorption from emission, our work establishes a new paradigm for designing solution‐processable organic scintillators with high radioluminescence performance, offering a promising pathway toward advanced x‐ray imaging applications."
2026,2026-06-11,Journal of Computational Chemistry,Synergistic Heavy‐Atom and Vibronic‐Coupling Effects for High‐Performance Ionic TADF Emitters: A Theoretical Study,10.1002/jcc.70445,Yizi Meng; ZiYe Ning; Bowen Tang; YanYing Zhang; Leilei Cui; Xiaoning Liu; Lingling Lv,https://doi.org/10.1002/jcc.70445,Crossref; OpenAlex,TADF LEC; TADF LEEC; counterion TADF; imidazolium TADF; ionic TADF; ionic emitter TADF; ionic thermally activated delayed fluorescence; phosphonium TADF; pyridinium TADF,"ABSTRACT Ionic thermally activated delayed fluorescence (iTADF) materials are promising for organic optoelectronics due to their solution processability and structural tunability, yet the synergistic regulation of reverse intersystem crossing (RISC) by heteroatom anchoring, heavy‐atom effects, and vibronic coupling remains underexplored. Four molecules (AC‐TPPO + , AC‐TPPS + , AC‐TPPO[Br], and AC‐TPPS[Br]) are systematically investigated via density functional theory (DFT), TD‐DFT, and excited‐state dynamics. All molecules feature twisted donor‐acceptor conformations, enabling spatial separation of frontier molecular orbitals and a small singlet–triplet energy gap (Δ E ST ) for RISC. The bromide counterion (Br − ) induces a heavy‐atom effect, enhancing spin‐orbit coupling strength and accelerating RISC rates by two orders of magnitude. Low‐to‐medium‐frequency vibrations further facilitate RISC by driving S 1 and T 1 potential energy surfaces to near‐degeneracy. The optimal AC‐TPPO[Br] achieves a high delayed fluorescence quantum yield ( Φ DF = 74.88%) with nearly 100% room‐temperature TADF contribution. This work provides a synergistic design paradigm and theoretical guidance for high‐performance OLED emitters."
2026,2026-06-10,Laser & Photonics Review,Ionic Ag(I) Complexes Exhibiting Very Fast Reverse Intersystem Crossing for X‐Ray Imaging,10.1002/lpor.71415,Dong Liang; Ji‐Hui Jia; Yu-Bing Jiang; Xiang-Long Hu; Qing He; Xian‐Bao Cai; Xiao‐Yuan Wu; Can‐Zhong Lu,https://doi.org/10.1002/lpor.71415,OpenAlex,ionic TADF,"ABSTRACT Organic complex‐based materials show promise for replacing inorganic scintillators due to their low cost, mild synthesis and ease of processing into large‐area films. Specifically, ionic Ag(I) complexes offer both heavy‐atom‐enhanced x‐ray absorption and good solubility, enabling highly doped, transparent films ideal for high‐resolution x‐ray imaging. Yet, their development has been limited because silver's high oxidation potential impedes triplet exciton harvesting—a critical yet challenging process during x‐ray conversion where secondary electrons generate abundant triplet states. Here, we present a design strategy for metal‐to‐ligand charge‐transfer Ag(I) complexes exhibiting thermally activated delayed fluorescence (TADF) and report a series of ionic Ag(I)‐based scintillators. These materials achieve high reverse intersystem crossing rates (>10 7 s −1 ) and microsecond‐scale decay lifetimes, enabling efficient triplet exciton harvesting during radioluminescence and light yields up to 53797 photons/MeV. Transparent films fabricated from these complexes demonstrate excellent x‐ray imaging performance with a spatial resolution of 86.7 lp/mm. This work offers new design principles for coordination‐compound scintillators and advances high‐performance scintillation technology."
2026,2026-06-01,Advanced Functional Materials,Recent Advances in Thermally Activated Delayed Fluorescence Scintillators for X‐Ray Imaging,10.1002/adfm.76107,He Jiang; X.C. Li; Shuo Wang; Jibiao Jin,https://doi.org/10.1002/adfm.76107,OpenAlex,ionic TADF; ionic thermally activated delayed fluorescence,"ABSTRACT Thermally activated delayed fluorescence (TADF) scintillators have emerged as promising candidates for advancing next‐generation X‐ray imaging technologies, offering potential merits over conventional scintillators in terms of high exciton utilization efficiency, low cost, and flexibility. In this review, we mainly classify the TADF scintillators into purely organic molecules, metal‐based complexes, perovskites, organic ionic salts, and energy transfer‐based host‐guest systems, and summarize their recent advancements in terms of structural design, optoelectronic characteristics, and scintillation performance. Furthermore, we also offer our conclusions and present the outlook on future prospects regarding the remaining challenges in this research field in order to promote the development of high‐efficiency TADF‐based scintillators. The primary objective of this review is to consolidate our existing knowledge in this area and deepen our comprehension of the relationship between the molecular structures and scintillation performances of TADF materials."
2026,2026-05-18,Inorganic Chemistry,Photoluminescence Properties of Silver(I) Complexes: From Extremely Long-Lived Phosphorescence to Ultrashort-Lived TADF,10.1021/acs.inorgchem.6c00401,Hartmut Yersin; Marsel Z. Shafikov; Uwe Monkowius; Ruslan Ramazanov; Rashid Valiev,https://doi.org/10.1021/acs.inorgchem.6c00401,Crossref; OpenAlex,TADF LEC; TADF LEEC; anionic thermally activated delayed fluorescence; charged thermally activated delayed fluorescence; counterion TADF; imidazolium TADF; ionic TADF; ionic emitter TADF; phosphonium TADF; pyridinium TADF,"High Resolution Image Download MS PowerPoint Slide We review Ag(I) complexes with organic ligands that show ambient-temperature phosphorescence or thermally activated delayed fluorescence (TADF). Criteria for the assignment of the emission character are given. Two materials are highlighted: [Ag(dmp)(DPEPhos)]PF 6 A (dmp: 2,9-dimethyl-1,10-phenanthroline, DPEPhos: bis[(2-diphenylphosphino)phenyl]ether), featuring an exceptionally long decay time of τ(phos) = 110 ms at Φ PL (phos) ≈50%, shows phenanthroline ligand-centered 3 LC → S 0 phosphorescence. The resulting large Δ E (S 1 –T 1 ) gap (640 meV) inhibits the efficient thermal population of the S 1 state. In contrast, the rationally modified Ag(dbp)(P 2 -nCB) B (dbp: 2,9-dibutyl-1,10-phenanthroline, P 2 -nCB: strongly electron-donating diphosphine ligand comprising a negatively charged nido -carborane cage) features low-lying states of (ligand + metal)-to-ligand charge transfer ( 1,3 (L + M)L’CT) character. This reduces Δ E (S 1 –T 1 ) to 80 meV, enabling fast and bright ambient-temperature TADF (radiative decay time: 1.4 μs at Φ PL (TADF) = 100%) with the decay time of more than 5 orders of magnitude shorter than that of A . The radiative properties of both compounds are outstanding compared to other pseudotetrahedrally coordinated metal complexes. In a second part, we extend the reviewed work by investigating both compounds by detailed DFT and TD-DFT calculations, including spin–orbit coupling. The results reflect the experimental trends. A is a potential highly sensitive oxygen sensor, while B might represent a new type of efficient OLED emitter material."
2026,2026-05-12,Inorganic Chemistry,Searching for Suitable [Cu(N^N){(PPh 2 ) 2 C 2 B 9 H 10 }] Thermally Activated Delayed Fluorescent Dopants: Optimization of the Quantum Yield through the 2-(4-Thiazolyl)benzimidazole Diimine Functionalization,10.1021/acs.inorgchem.5c05030,Irati Barriendos; Olga Crespo; M. Concepción Gimeno,https://doi.org/10.1021/acs.inorgchem.5c05030,OpenAlex,TADF LEC; TADF light emitting electrochemical cell; TADF light-emitting electrochemical cell; anionic thermally activated delayed fluorescence; cationic thermally activated delayed fluorescence,"High Resolution Image Download MS PowerPoint Slide The quantum yield of thermally stable, neutral [Cu(dppnc)(R-tbz)] complexes, where dppnc = {(PPh 2 ) 2 C 2 B 9 H 10 } −, exhibiting thermally activated delayed fluorescence (TADF), has been optimized to values as high as 42% through strategic variation of the substituent on the thiazolyl unit of the Htbz (2-(4-thiazolyl)benzimidazole) ligand. A comprehensive analysis of structural features, geometric distortion, steric hindrance, and Δ E (S 1 -T 1 ) and E (T 1 ) reveals that maximizing quantum yield requires the razionalization of other nonradiative routes, in addition to those affecting TADF. This study provides key insights for the rational design of highly emissive copper-based complexes. In contrast, the use of the analogous neutral diphosphane [dppcc = (PPh 2 ) 2 C 2 B 10 H 10 ], forming the corresponding cationic [Cu(dppcc)(R-tbz)] + complexes, allows modulation of the emission energy but results in significantly lower quantum yields."
2026,2026-05-06,ChemRxiv,"Naphthyl substituted Carbodiphosphoranes: Synthesis, Reactivity towards CuCl and Thermally Activated Delayed Fluorescence Properties",10.26434/chemrxiv-2025-wppz0/v3,Andreas Steffen; Indranil Sen; Tobias Dunaj; Istemi Kuzu,https://doi.org/10.26434/chemrxiv-2025-wppz0/v3,OpenAlex,cationic thermally activated delayed fluorescence; phosphonium TADF,"Herein we present the two-step synthesis of two new 2‑naphthyl substituted Carbodiphosphoranes (CDPs). In the first step either two equivalents of P(Naph)Ph 2 (Naph = 2-naphthyl-) and CH 2 Br 2 or P(Naph)Ph 2 and [Ph 3 P(CH 2 Br)]Br are reacted whereby the symmetrical bis phosphonium salt 1a and the unsymmetric salt 1b are obtained. Subsequently, the CDPs 2a and 2b where prepared by deprotonation with two equivalents of potassium hexamethyldisilazanide. After isolation, the coordination chemistry of 2a and 2b towards CuCl is explored where, depending on educt stoichiometry, mononuclear ( 3a , 3b ) and dinuclear compounds ( 4a , 4b ) are obtained. All prepared compounds were characterised by NMR spectroscopy, mass spectrometry and elemental analysis, and for 1a / b , 2a , 3b , and 4a / b single crystals suitable for X-ray diffraction studies could be obtained. Furthermore, the photophysical properties of the free 2-naphthyl substituted CDPs 2a / b and their corresponding Cu I complexes 3a / b and 4a / b have been investigated by steady-state and time-resolved luminescence studies at room temperature and at 77 K in various aggregation states, and further insight is provided by DFT/TD-DFT calculations. While 2a/b display features of thermally activated delayed fluorescence (TADF), 3a/b and 4a/b exhibit a much more complex excited state behaviour due to the interplay of metal-to-ligand charge transfer (MLCT) and napthyl ligand centered (LC) states, resulting in multiple simultaneous luminescence phenomena involving TADF, 1 LC and 3 LC emission."
2026,2026-04-30,,Mesoionic Carbene-Metal Amide TADF Emitters: An Approach Towards Near-Unity Quantum Yield and Enhanced Non-Linear Optical (NLO) Properties,10.26434/chemrxiv.15002593/v1,Ruksana Akhtar; Abhijit Chatterjee; Prakash Panwaria; Sakshi Yadav; Rishukumar Panday; Himanshu Sharma; Ashwath Kudlu; Rahul Verma; Geethu Venugopal; Kumar Vanka; Pankaj Mandal; Shabana Khan; SHABANA KHAN,https://doi.org/10.26434/chemrxiv.15002593/v1,Crossref,TADF LEC; TADF LEEC; counterion TADF; imidazolium TADF; phosphonium TADF; pyridinium TADF,"Carbene-metal-amide (CMA) complexes have emerged as an efficient class of thermally activated delayed fluorescence (TADF) emitters for optoelectronic applications. Although N-heterocyclic carbene (NHC)-based CMAs are widely researched, their mesoionic NHC (mNHC) counterparts are underexplored despite providing unique electronic structures and enhanced σ-donor properties. In this work, we present a series of mNHC coinage metal amide complexes (Cu, Ag, Au) (5-10) with imidazolylidene-derived ligands, representing the first systematic investigation of their photophysical behaviour. These complexes exhibit dual locally excited (LE) and charge-transfer (CT) emissions, where the latter is highly oxygen-sensitive and contains long-lived microsecond components, establishing TADF as the emission channel. The emission maxima are also strongly influenced by both donor substituents (carbazole versus tert-butyl carbazole) and metal identity, falling between 575 and 618 nm in solution and remaining unchanged in solid-state and PMMA matrices. Quantum yields for photoluminescence as high as 0.97 in deaerated toluene, 0.91 in PMMA, and delayed lifetimes on the order of tens of microseconds highlight effective triplet harvesting. Temperature-dependent photoluminescence (PL) and time-resolved PL studies demonstrate low singlet-triplet energy splitting (ΔEST ≈ 0.14 eV) and high radiative decay rate constants [kr (S1) ≈ 1.8 × 107 s-1], which make these complexes efficient emitters. Moreover, donor-substituted (5-10) complexes exhibit excellent mechanochromic luminescence (MCL) properties, and their incorporation in UV-excited converted LED prototypes proves their stability and usability in device applications. Expanding the horizon of possibilities, we report that these complexes act as an efficient nonlinear optical material, showing second- and third-harmonic generation responses. The centrosymmetric nature of complex 2-7 shows χ(3) values between 0.38 × 10−18 m2 V−2 to 0.85 × 10−18 m2 V−2, and a laser-induced damage threshold (LIDT) of 17.51 to 27.86 GWcm−2. However, the non-centrosymmetric nature of complex 8-10 further makes them efficient SHG materials, with a χ(2) value between 0.07-0.08 pmV−1 at 1180 nm and LIDT value between 47-35 GW cm−2. These results make imidazolylidene mNHC-metal amides a new family of earth-abundant, high-efficiency TADF emitters with strong applications toward next-generation OLEDs, and opening new avenues for exploring main-group organometallic compounds in next-generation polarisation-sensitive photonic devices."
2026,2026-04-16,Advanced Optical Materials,Degradation of Blue MR‐TADF OLEDs: Host‐dependent Effects of mCBP and MADN Revealed by Fragmentation Profiling,10.1002/adom.202503852,Min Gyu Jun; Jeong Won Seo; Jong‐Am Hong; Kyu‐Myung Lee; Y M Park; Min Chul Suh,https://doi.org/10.1002/adom.202503852,Crossref; OpenAlex,TADF LEC; TADF LEEC; anionic thermally activated delayed fluorescence; counterion TADF; imidazolium TADF; phosphonium TADF; pyridinium TADF,"ABSTRACT Blue organic light‐emitting diodes (OLEDs) employing multi‐resonance thermally activated delayed fluorescence (MR‐TADF) emitters such as ν‐DABNA exhibit narrowband emission and high color purity. However, their intrinsically slow reverse intersystem crossing (RISC) leads to triplet accumulation and accelerates device degradation. In this study, we provide insight into degradation behavior by coupling host engineering with electrical and chemical diagnostics. MADN‐hosted devices exhibit minimal EQE roll‐off and 2.47‐fold longer lifetime than mCBP host counterparts, whereas mCBP yields a higher peak EQE but severe efficiency roll‐off and faster degradation. Impedance spectroscopy reveals a pronounced low‐frequency resistance increase exclusively in degraded mCBP devices, which is consistent with trap build‐up near the EML region. Laser desorption/ionization time‐of‐flight mass spectrometry (LDI‐TOF MS) provides direct chemical evidence that ν‐DABNA‐derived fragments nearly doubled, and carbazole‐derived fragments increased 7.6‐fold in mCBP devices, consistent with bond dissociation energy (BDE) predictions identifying weak bonds in the anionic and triplet states. Overall, these results suggest that host‐dependent differences in triplet energy alignment, BDE, and exciton management contribute to the observed degradation behavior in the MADN‐ and mCBP‐hosted blue MR‐TADF OLEDs. They further indicate that LDI‐TOF MS can serve as an effective tool for elucidating EML degradation chemistry at the molecular level."
2026,2026-02-25,Angewandte Chemie International Edition,Organophosphides: A New Class of Luminophore Ligands for Copper(I) Carbene Based TADF Emitters and Photocatalysts,10.1002/anie.202518530,Paul C. Ruer; Julian J. Holstein; Andreas Steffen,https://doi.org/10.1002/anie.202518530,Crossref; OpenAlex,TADF LEC; TADF LEEC; anionic thermally activated delayed fluorescence; counterion TADF; imidazolium TADF; phosphonium TADF; pyridinium TADF,"ABSTRACT Luminescent carbene copper(I) charge transfer complexes are promising candidates as molecular materials for photonic applications. Apart from steric and electronic modification of the acceptor carbene, most of the research has been dedicated to amide donor ligands to control the luminescence properties, while the remaining pnictogen group as anionic electron donating ligands is photophysically underrepresented. Herein, we demonstrate that dimesityl phosphide (Mes 2 P–) as a heavier homologue in [Cu(cAAC)(PMes 2 )] (cAAC = cyclic amino(alkyl) carbene) gives rise to orange emission with quantum yields of up to ϕ max = 0.52 in the solid state that is bathochromically shifted by ∼3000 cm −1 in comparison to related amide complexes due to the lower electronegativity of phosphorus. Time‐resolved variable temperature studies reveals that the µs‐lifetimes and radiative rate constants of ca. k r = 5 ⋅ 10 4 s −1 are due to thermally activated delayed fluorescence (TADF) as the dominating emission mechanism at room temperature. In polystyrene matrices, the complexes exhibit environment dependent chiroptical properties (up to g lum = 10 −2 , B CPL = 1.31 M −1 cm −1 , k CPL = 41.5 s −1 ) and are efficient blue light photocatalysts for hydrophosphination of alkynes in solution, highlighting the potential of heavier pnictogen ligands for photonic materials."
2026,2026-01-01,Mendeleev Communications,Stabilization of TADF emitters by suppressing charge-induced C--N bond cleavage,10.71267/mencom.8036,Nikita Olegovich Dubinets; Andrey Yu. Sosorev,https://doi.org/10.71267/mencom.8036,Crossref; OpenAlex,TADF LEC; TADF LEEC; anionic thermally activated delayed fluorescence; counterion TADF; imidazolium TADF; phosphonium TADF; pyridinium TADF,"DFT calculations of bond dissociation energies for donor--acceptor luminophores in thermally activated delayed fluorescence (TADF) emitters revealed the C--N single bond as the dominant structural weakness, which is strongly destabilized in the anionic state formed during charge transport, leading to the low operational stability of blue and sky-blue TADF organic light-emitting diodes (OLEDs). An alternative molecular design strategy that eliminates the weakest bond while preserving the small singlet--triplet energy gap required for efficient TADF was proposed and promising new luminophores for stable blue TADF OLEDs were suggested."
2026,2026-01-01,RSC Advances,Enhanced broadband yellow emission from charge-transfer states in a TADF organic ionic pair,10.1039/d6ra03059a,Veerapandian Vallapandian; Rajaboopathi Mani; Sugasri Chinnasamy; Alagiri Mani,https://doi.org/10.1039/d6ra03059a,Crossref; OpenAlex,TADF LEC; TADF LEEC; TADF light emitting electrochemical cell; TADF light-emitting electrochemical cell; counterion TADF; imidazolium TADF; ionic TADF; ionic emitter TADF; phosphonium TADF; pyridinium TADF,"Acridinium p -nitrobenzoate (AcPNB) shows π–π stacking-induced stabilization, a small (Δ E ST ), decoupled HOMO–LUMO and moderate SOC. Temperature-dependent emission confirms thermally activated delayed fluorescence (TADF)."
2026,2026-01-01,Journal of Materials Chemistry C,Balancing charge transport and C–N bond strength in stability-oriented host design for blue TADF-OLEDs,10.1039/d5tc04350f,Domantas Berenis; Giedrius Puidokas; Kristupas Bagdonas; Goda Grybauskaitė; Dovydas Banevičius; Gediminas Kreiza; Eigirdas Skuodis; Rita Butkutė; Juozas V Grazulevicius; Karolis Kazlauskas,https://doi.org/10.1039/d5tc04350f,Crossref; OpenAlex,TADF LEC; TADF LEEC; TADF light emitting electrochemical cell; TADF light-emitting electrochemical cell; anionic thermally activated delayed fluorescence; counterion TADF; imidazolium TADF; phosphonium TADF; pyridinium TADF,"A series of carbazole–biphenyl hosts with tuned charge transport and high triplet energies is developed for blue TADF-OLEDs. N -Phenylation shifts host LUMO from a weak C–N bond, raising anionic-state BDE and boosting device lifetime up to 12×."
2025,2025-12-21,Advanced Materials Technologies,TADF‐Emitting Dendrimers for Scalable Bar‐Coating Fabrication of Light‐Emitting Electrochemical Cells,10.1002/admt.202502395,Shi Tang; Dianming Sun; Christian Klein Larsen; Erik Zäll; Eli Zysman‐Colman; Ludvig Edman,https://doi.org/10.1002/admt.202502395,Crossref; OpenAlex,TADF LEC; TADF LEEC; TADF light emitting electrochemical cell; TADF light-emitting electrochemical cell; cationic thermally activated delayed fluorescence; counterion TADF; imidazolium TADF; ionic TADF; ionic emitter TADF; ionic thermally activated delayed fluorescence; phosphonium TADF; pyridinium TADF,"ABSTRACT The light‐emitting electrochemical cell (LEC) is a good fit for scalable ambient‐air coating and printing, since it can deliver efficient emission from a robust three‐layer architecture comprising solely air‐stable and soluble materials. However, a drawback is that hitherto employed emitters for printed LECs are either conjugated polymers that are efficiency and purification limited or small molecules that are difficult to solution process into uniform thin films. The recent advent of dendrimers that emit by thermally activated delayed fluorescence (TADF) promises to address all these issues, since they can efficiently utilize all (both singlet and triplet) excitons for the light emission, be of high purity because of their well‐defined structure, and feature high solubility and good film‐forming capacity by the virtue of being equipped with branched dendrons. Herein, an asymmetric second‐generation TADF‐dendrimer, tBuCz2m2pTRZ , is combined with an ionic‐liquid electrolyte for the formulation of a tuned ink, which is used for a bar‐coating fabrication of uniform LEC active‐material films featuring a high photoluminescence quantum yield of 84%. This opportunity is ultimately utilized for the pioneering demonstration of a bar‐coated TADF‐dendrimer‐LEC, which delivers uniform and bright green luminance of 350 cd m −2 at an external quantum efficiency of 1.2%."
2025,2025-12-16,Accounts of Chemical Research,Highly Efficient Circularly Polarized Electroluminescence Based on a Thermally Activated Delayed Fluorescence Mechanism,10.1021/acs.accounts.5c00703,Meng Li; Chuan‐Feng Chen,https://doi.org/10.1021/acs.accounts.5c00703,OpenAlex,TADF LEC; TADF light emitting electrochemical cell; TADF light-emitting electrochemical cell; ionic TADF; ionic emitter TADF; ionic thermally activated delayed fluorescence,"Conspectus Circularly polarized electroluminescence (CPEL) is pivotal for next-generation photonic technologies, including 3D displays, optical data storage, and quantum communication. However, its practical application has long been hindered by two fundamental challenges: low device efficiency (external quantum efficiency, EQE) and a small luminescence dissymmetry factor ( g EL ), which quantifies the intensity of circular polarization. Traditional chiral fluorescent emitters suffer from limited exciton utilization of only 25%, while chiral phosphorescent emitters often rely on scarce metals. The emergence of thermally activated delayed fluorescence (TADF) offers a revolutionary pathway to overcome the device efficiency bottleneck by enabling full exciton harvesting through reverse intersystem crossing (RISC), yet integrating strong chirality into an efficient TADF molecular skeleton remains a significant hurdle. Our pioneering work established a comprehensive strategy to simultaneously boost EQE and g EL . We introduced TADF as a core mechanism to achieve high EQE by harnessing triplet excitons via RISC. Concurrently, we devised diverse chiral structures, which range from small molecules and polymers to assembled ionic systems, to effectively amplify the dissymmetry factor. For instance, chiral supramolecular assemblies with TADF emitters enhance chirality transfer through assembled structural ordering, leading to significantly amplified g EL values without compromising the radiative efficiency. This approach, which optimizes TADF photophysics for device efficiency and leverages advanced chiral structures for circular polarization, provides a holistic solution to the core challenges in CPEL. This Account chronicles our foundational journey in developing a highly efficient CPEL based on the TADF mechanism. We present a first-hand narrative of key breakthroughs, starting from the first demonstration of intrinsic TADF-driven circularly polarized organic light-emitting diodes (CP-OLEDs) and extending to the first chiral TADF polymers, TADF-sensitized fluorescent enantiomers, chiral TADF assemblies, and chiral TADF ionic salts for circularly polarized light-emitting electrochemical cells (CP-LECs). We elucidate the underlying design principles and mechanistic insights that unify these diverse material classes, bridging molecular design with device performance in both CP-OLEDs and emerging CP-LECs. By offering a consolidated perspective from the originators of this field, this Account aims to guide the future development of efficient circularly polarized light sources for advanced photonic applications."
2025,2025-11-28,Advanced Optical Materials,Anionically Stabilized B‐N Emitting Frameworks via Asymmetric N‐fusion: A Route to Long‐Lived Blue Multi‐Resonance Emitters,10.1002/adom.202503563,Paramasivam Palanisamy; Jung Ho Ham; Jun Hyeog Oh; Young Hun Jung; Se Chan Cha; Hyunmin Cho; Eojin Jeon; Aradhya Rajput; Mi Young Chae; Jang Hyuk Kwon,https://doi.org/10.1002/adom.202503563,OpenAlex,anionic thermally activated delayed fluorescence,"Abstract Stable multi‐resonance thermally activated delayed fluorescence (MR‐TADF) blue emitters are an effective choice for organic light‐emitting diodes (OLEDs), offering high colour purity and efficiency. Here, a stable B─N emitting core is developed through an asymmetric N‐fusion strategy. This involved constructing a B─N emitting core on a robust carbazole backbone, which enhances structural rigidity and reduces the number of weak sp 3 C─N bonds relative to typical DABNA emitters, thereby increasing the bond‐dissociation energies of the anionic state. Additionally, the peripherally fused carbazoles yielded two emitters, namely, pCz‐BN2 and mCz‐BN2, exhibiting pure blue emissions at 457 and 459 nm in a toluene solution, with corresponding CIEx,y of (0.13, 0.07), and achieved high photoluminescence quantum yields over 95% for the emitters, respectively. The fabricated fluorescence OLEDs produce pure blue emissions at 459 and 463 nm, with maximum EQEs of 8.67% and 6.90% for pCz‐BN2 and mCz‐BN2 , respectively, demonstrating minimal efficiency roll‐off. Furthermore, the PSF‐OLEDs emit blue light with high EQEs of 25.8% and 23.6%, respectively, with reduced roll‐off. Significantly, the pCz‐BN2 ‐based Fl‐OLED has attained a remarkable operational lifetime (LT 95 ) of 95 h at an initial luminance of 1000 cd m − 2 , the longest reported among single‐boron MR emitters to date."
2025,2025-10-22,ACS Applied Optical Materials,Positional Isomerism and Chlorine-Driven Crystal Packing Effects in Acridinium-Based Organic Ionic Pairs for TADF,10.1021/acsaom.5c00354,Veerapandian Vallapandian; Rajaboopathi Mani; Ivo B. Rietveld; Aarifa Muhammed Ashraf; Alagiri Mani,https://doi.org/10.1021/acsaom.5c00354,Crossref; OpenAlex,TADF LEC; TADF LEEC; anionic thermally activated delayed fluorescence; cationic thermally activated delayed fluorescence; counterion TADF; imidazolium TADF; ionic TADF; ionic emitter TADF; ionic thermally activated delayed fluorescence; phosphonium TADF; pyridinium TADF,"Three precisely engineered acridinium-based ionic pairs─acridinium 5-chlorosalicylate (Ac5ClSA), acridinium salicylate (AcSA), and acridinium 3-chlorosalicylate (Ac3ClSA) ─ contain each a well-defined donor-acceptor (D - -A + ) arrangement. This deliberate molecular design enables efficient thermally activated delayed fluorescence (TADF) for organic light-emitting diodes (OLEDs) applications. These acridinium-based ionic pairs exemplify how the positional isomerism of the chlorine substituent tunes solid-state fluorescence, by offering low Δ E ST, different molecular packings that control charge transfer characteristics, and enabling emission color tuning in the region red to green. Their suitability for TADF was theoretically predicted through density functional theory (DFT) and time-dependent DFT (TD-DFT) calculations, which demonstrated decoupled HOMO–LUMO orbitals with Δ E ST < 0.026 eV. The lifetime measurements confirm the presence of delayed fluorescence, with distinct lifetimes for triplet and singlet excitons, confirming the TADF. All three ionic pairs exhibit exciplex-type excited states, driven by electrostatic interactions between the anionic salicylates and the cationic acridinium ion. FT-IR analysis confirmed the presence of an NH + bond at 2331 cm –1 for all three ionic pairs, confirming the proton transfer from salicylic to acridine. Ac5ClSA demonstrated the highest photoluminescence quantum yield (PLQY) of 13%. Furthermore, all the ionic pairs were doped with PMMA polymer with 10, 20, and 30% concentrations to optimize the emission property and to study electrostatic interactions. Cyclic voltammetry (CV) results aligned well with DFT-calculated HOMO values, demonstrating the intramolecular and intermolecular charge transfer (ICT) characteristics. The thermal stability of ionic pairs is high as expected, due to their ionic nature. This study establishes that the ionic pairs are promising candidates for next-generation TADF and deepens our understanding of structure–property relationships that guide the rational design for controlled emission characteristics."
2025,2025-10-14,Proceedings of the International Conference on Industrial Engineering and Operations Management,Investigation of TADF LEEC Based on Tert-Butylcarbazole Derivative as D-A-Ph-D’ Emitter,10.46254/wc02.20250149,Sohrab Nasiri; Raimundas Rukuiža; Juozas Padgurskas,https://doi.org/10.46254/wc02.20250149,Crossref; OpenAlex,TADF LEC; TADF LEEC; TADF light emitting electrochemical cell; TADF light-emitting electrochemical cell; counterion TADF; imidazolium TADF; ionic TADF; ionic emitter TADF; phosphonium TADF; pyridinium TADF,"A new, well-defined Thermally Activated Delayed Fluorescence (TADF) molecule was designed and synthesized based on a tert-butylcarbazole derivative. Density functional theory (DFT) calculations revealed an extended π-conjugated structure with a small singlet–triplet energy gap (ΔEST), facilitating efficient reverse intersystem crossing (RISC). Owing to its bulky tert-butyl substituent, the dye exhibited reduced aggregation and higher photoluminescence quantum yield (PLQY) in spin-coated solid films. Thermal analyses demonstrated excellent stability with decomposition temperatures above 360 °C, consistent with the increased rigidity imparted by the tert-butylcarbazole unit. Photophysical studies further revealed aggregation-induced emission (AIE). When incorporated into light-emitting electrochemical cells (LEECs), the organometallic complex [Ir(buoppy)₂(dmapzpy)]PF₆ acted as an effective host, promoting energy transfer and enabling devices with maximum external quantum efficiencies of 3.38%."
2025,2025-10-07,Results in Engineering,D–A–D’ TADF emitters for LEEC fabrication: Meta vs ortho-linking controls color and efficiency,10.1016/j.rineng.2025.107598,Marzieh Rabiei; Mozhgan Hosseinnezhad; Reza Ebrahimi‐Kahrizsangi; Sohrab Nasiri; Juozas Padgurskas; Raimundas Rukuiža,https://doi.org/10.1016/j.rineng.2025.107598,Crossref; OpenAlex,TADF LEC; TADF LEEC; TADF light emitting electrochemical cell; TADF light-emitting electrochemical cell; counterion TADF; imidazolium TADF; ionic TADF; ionic emitter TADF; phosphonium TADF; pyridinium TADF,"• Two novel D–A–D′ type TADF emitters based on isophthalonitrile and phthalonitrile cores were designed and synthesized. • Both emitters exhibited AIE and mechanochromic luminescence behavior. • The ΔE ST values were below 0.11 eV, enabling efficient RISC. • LEECs based on meta- and ortho-substituted emitters were fabricated via a solution process. • LEECs doped with 50 wt.% [Ir(buoppy) 2 (dmapzpy)][PF 6 ] achieved EQE value up to 6.99%. Dual-emissive cores based on isophthalonitrile and phthalonitrile in the meta and ortho positions, respectively, were designed and developed as thermally activated delayed fluorescence (TADF) emitters. The incorporation of 50 wt.% of the ionic complex [Ir(buoppy) 2 (dmapzpy)][PF 6 ] into the blue emitting meta-substituted dye 4-(9H-carbazol-9-yl)-6-(3,6-di-tert-butyl-9H-carbazol-9-yl)isophthalonitrile , and the green emitting ortho-substituted dye 3-(9H-carbazol-9-yl)-6-(3,6-di-tert-butyl-9H-carbazol-9-yl)phthalonitrile significantly enhanced their photoluminescence quantum yields (PLQYs), reaching up to 79%, especially for the doped meta-emitter. Tuning of the emission color from blue to green was achieved by substituting the acceptor core position, and a mechanochromic response was observed. The meta-substituted emitter exhibited a more rigid structure than its ortho counterpart, as evidenced by a higher glass transition temperature (T g ), due to the reduced conformational twisting between the core and the various carbazole donor derivatives. This rigidity of meta limited the spatial separation of highest occupied molecular orbital (HOMO) and lowest unoccupied molecular orbital (LUMO), facilitating enhanced overlap. Both emitters featured small singlet–triplet energy gaps (ΔE ST < 0.11 eV), enabling efficient reverse intersystem crossing (RISC) and moderate to long delayed fluorescence lifetimes. Solution-processed light emitting electrochemical cells (LEECs) fabricated with these emitters achieved a maximum external quantum efficiency (EQE max ) of 6.99%, with stable blue emission corresponding to CIE coordinates of (0.190, 0.382)."
2025,2025-10-06,Angewandte Chemie International Edition,Frontispiece: Abnormal Anti‐Kasha Emission and TADF in Anionic Cycloarylenes,10.1002/anie.202584101,,https://doi.org/10.1002/anie.202584101,Crossref; OpenAlex,TADF LEC; TADF LEEC; anionic thermally activated delayed fluorescence; counterion TADF; imidazolium TADF; phosphonium TADF; pyridinium TADF,"Incorporation of non-benzenoid rings into cycloarylenes profoundly affects their molecular geometry and photophysics. In their Research Article (e202512344), Zheng Zhou and co-workers report a reductive cleavage strategy that dissociates {FeCp} moieties to yield two anionic cycloarylenes, which exhibit abnormal anti-Kasha emission and ultra-long thermally activated delayed fluorescence."
2025,2025-07-31,Angewandte Chemie International Edition,Abnormal Anti‐Kasha Emission and TADF in Anionic Cycloarylenes,10.1002/anie.202512344,Jianwei Liang; Lingyun Zhu; Yuanping Li; Yuanping Li; Gang Xu; Haixiang Han; Yuanming Li; Yuanming Li; Zheng Yu Zhou,https://doi.org/10.1002/anie.202512344,Crossref; OpenAlex,TADF LEC; TADF LEEC; anionic thermally activated delayed fluorescence; charged thermally activated delayed fluorescence; counterion TADF; imidazolium TADF; phosphonium TADF; pyridinium TADF,"Abstract Incorporation of non‐benzoid rings into cycloarylenes significantly alters their molecular geometry and optical behavior. Recently, we synthesized two ferrocene‐doped cycloarylenes, (CpFe) 3 ‐1 and (CpFe) 4 ‐2 . However, the {FeCp} moieties in these architectures limited their optical properties. In this work, we report a reductive Fe─Cp bond cleavage approach that enables the removal of {FeCp} moieties efficiently, yielding two anionic cycloarylenes, 1 3– and 2 4– . Single crystal X‐ray diffraction analysis reveals different structure deformation between two charged species including molecular symmetry and π‐conjugation. Comprehensive spectroscopic analyses and theoretical calculations demonstrate that both 1 3– and 2 4– exhibit steady emission at 560 and 587 nm, respectively, with noticeable high quantum yields (59.70% and 84.99%). 1 3– violates Kasha's rule via a rare mixed emission from S 2 →S 0 and S 1 '→S 0 , whereas 2 4– adheres to the conventional S 1 '→S 0 decay. Furthermore, both compounds exhibit thermally activated delayed fluorescence (TADF) as the first example observed in cycloarylenes, with lifetimes reaching the millisecond scale. This work establishes alkali‐metal‐mediated reductive cleavage as an effective strategy to break Fe─Cp bond and provides new insight into the photophysical behavior of charged molecular nanocarbons, paving the way for the rational design of functional molecular materials."
2025,2025-06-28,,Physical and Chemical Properties of Organic Semiconductors in Solutions and Thin Films,10.1002/9781119694144.ch05,Qingyu Meng; Shuer Tan; Xue-Liang Wen; Juan Qiao,https://doi.org/10.1002/9781119694144.ch05,OpenAlex,charged thermally activated delayed fluorescence,"Organic light-emitting diodes (OLEDs) have been widely employed in high-end displays such as mobile phones and televisions. Tremendous efforts from both academic and industry have been devoted to develop superior OLED materials and devices with high efficiency, long device lifetime, and high color purity. These performances are affected dominantly by OLED materials and device structures. This chapter is devoted to the physical and chemical properties of organic materials used in OLEDs with an emphasis on the structure–properties relationships. In Section 5.1, the introduction of photophysical properties begins with the Jablonski diagram, which outlines all the energy dissipating paths after molecular excitation. The concerned photophysical parameters include exciton lifetime, excited state energy levels, energy difference and spin–orbital coupling between singlet and triplet excited states, photoluminescence (PL) quantum yield, etc. Since organic materials are in amorphous film state for OLED devices, the differences of their photophysical properties from single molecule in solution to aggregated state in thin film were underlined. In Section 5.2, the thermal stability of organic materials is summarized in terms of molecular parameters such as decomposition temperature ( T d ) , melting temperature ( T m ) , glass-transition temperature ( T g ) , recrystallization temperature, and morphological stability. Moreover, recent work on predicting the T d and T g values of organic materials by machine learning approaches is also introduced. Sections 5.3 and 5.4 focus on the intrinsic chemical stability of organic materials toward excitons and polarons. The investigation methods and related studies of degradation mechanisms are summarized, in particular for highly efficient blue OLED materials, both in excited and charged states. The critical role of bond dissociation energy (BDE) in material intrinsic stability and device lifetime deserves a special mention. At the end of the chapter, effective strategies to improve material intrinsic stability are summarized, highlighting the enhancement of the “longevity gene” of third-generation OLED, thermally activated delayed fluorescence, by improving BDE values both in excited and charged states."
2025,2025-06-17,Angewandte Chemie International Edition,Carbocation‐Based Multiresonance Thermally Activated Delayed Fluorescent Emitters with Efficient Narrowband Electroluminescence,10.1002/anie.202510511,Tao Li; Guimin Zhao; Yuanyuan Li; Kun Lyu; Wenchao Xie; Zhenni Bai; Xinliang Ding; Ronghao Yang; Zhicai Chen; Zhihua Ma; Xin Ai; Wei Jiang; Yanpei Wang; Fangfang Huang; Shiyang Shao,https://doi.org/10.1002/anie.202510511,OpenAlex,counterion TADF,"Abstract Multiresonance thermally activated delayed fluorescent (MR‐TADF) emitters hold great promise for ultrahigh‐definition displays, but are fundamentally restricted to wide‐energy‐gap heteropolycyclic systems typically with blue‐to‐green emissions, while their yellow‐to‐red emissions remain a major challenge. Here we propose a strategy for developing MR‐TADF emitters with narrow energy gaps (less than 2.20 eV) by doping positively‐charged carbenium ion (C + ) into polycyclic skeletons to create strong short‐range charge transfer with electron‐rich nitrogen atoms, achieving a significant 160 nm emission redshift compared to the benchmark neutral boron‐based counterpart. Furthermore, steric isopropyl groups and bulky tetrakis(pentafluorophenyl)borate counter ions are synergistically integrated to suppress intermolecular aggregation, yielding high solid‐state photoluminescence quantum efficiencies up to 90%. Solution‐processed organic light‐emitting diodes based on the emitters exhibit promising external quantum efficiency of 29.4% with narrow full‐width at half‐maximum of 0.17 eV, opening the way for development of ion‐based MR‐TADF emitters toward efficient long‐wavelength narrowband electroluminescence."
2025,2025-06-09,JACS Au,Photoactive Neutral Three-Coordinate Cu(I) Complexes of Anionic N-Heterocyclic Carbenes,10.1021/jacsau.5c00357,Lars E. Burmeister; Lucie J. Groth; Philipp R. Meinhold; Johannes P. Zurwellen; Dirk Bockfeld; René Frank; Michael Karnahl; Matthias Tamm; Stefanie Tschierlei,https://doi.org/10.1021/jacsau.5c00357,OpenAlex,anionic thermally activated delayed fluorescence,"Three-coordinate Cu-(I) complexes are promising candidates for photoactive compounds, but their application in photocatalysis remains largely unexplored. Here, we report the synthesis and comprehensive characterization of four novel three-coordinate Cu-(I) complexes featuring an anionic N-heterocyclic carbene ligand with a weakly coordinating tris-(pentafluorophenyl)-borate moiety (WCA-NHC) and different methyl substituted dipyridylamine-based N,N'-ligands. This ligand design significantly improves the stability and photophysical properties of these complexes in solution. Steady-state and time-resolved spectroscopy, electrochemical measurements, temperature-dependent emission studies and quantum chemical calculations were used to elucidate the electronic and excited-state properties of these complexes. Our results demonstrate metal-to-ligand charge transfer absorption and thermally activated delayed fluorescence (TADF), leading to extended excited-state lifetimes (up to 8.6 μs) and high excited-state energies (≈2.7 eV). All four complexes efficiently photosensitize the norbornadiene-to-quadricyclane photoisomerization, a key reaction for molecular solar thermal energy storage (MOST). By demonstrating that careful ligand selection allows the design of three-coordinate Cu-(I) complexes with excellent photophysical and photocatalytic properties, this study expands the scope of Cu-(I) photosensitizers and lays the foundation for further applications in photochemistry."
2025,2025-06-09,Materials,Overview on the Thermally Activated Delayed Fluorescence and Mechanochromic Materials: Bridging Efficiency and Versatility in LECs and OLEDs,10.3390/ma18122714,Raheleh Ghahary; Marzieh Rabiei; Sohrab Nasiri; Juozas Padgurskas; Raimundas Rukuiža,https://doi.org/10.3390/ma18122714,OpenAlex,TADF LEC; TADF light emitting electrochemical cell; TADF light-emitting electrochemical cell,"Recent advancements in thermally activated delayed fluorescence (TADF) materials and mechanochromic materials have significantly enhanced the efficiency and versatility of light-emitting electrochemical cells (LECs) and organic light-emitting diodes (OLEDs). TADF materials have enabled efficiency improvements, achieving an internal quantum efficiency (IQE) of nearly 100% by utilizing both singlet and triplet excitons. Meanwhile, mechanochromic materials exhibit reversible optical changes upon mechanical stimuli, making them promising for stress sensing, encryption, and flexible electronics. The synergistic integration of TADF and mechanochromic materials in OLEDs and LECs has led to enhanced efficiency, stability, and multifunctionality in next-generation lighting and display technologies. This narrative review explores recent breakthroughs in devices that incorporate both TADF and mechanochromic materials as emitters. Particular attention is given to the molecular design that enable both TADF and mechanochromic properties, as well as optimal device structures and performance parameters. Moreover, this review discusses the only LEC fabricated so far using a TADF-mechanochromic emitter, highlighting its performance and potential. Finally, the report concludes with an outlook on the future commercial applications of these materials, particularly in wearable electronics and smart display technologies."
2025,2025-04-10,Organic Electronics,Selection of compatible blended cohost towards boosting performance of TADF-polymer light-emitting electrochemical cells,10.1016/j.orgel.2025.107252,Mei Chen; Jinchang Ye; Jun Guo Lu; Sihua Wu; Guanrong Lin; Yingming Ma; Lihui Liu; Yuwei Zhang; Yuwei Zhang; Li Niu; Baohua Zhang,https://doi.org/10.1016/j.orgel.2025.107252,Crossref; OpenAlex,TADF LEC; TADF LEEC; TADF light emitting electrochemical cell; TADF light-emitting electrochemical cell; counterion TADF; imidazolium TADF; phosphonium TADF; pyridinium TADF,
2025,2025-03-20,Journal of the American Chemical Society,Organic Ionic Host–Guest Phosphor with Dual-Confined Nonradiation for Constructing Ultrahigh-Temperature X-ray Scintillator,10.1021/jacs.4c16935,Ying Wang; Jiahong Yu; Zixing Zhou; Weijun Zhao; Yilong Wang; Jiaqiang Zhao; Chenggong Ma; Zhen‐Yi Lin; Yongzhen Wu; Xiao Lu Wang; Huili Ma; Weihong Zhu,https://doi.org/10.1021/jacs.4c16935,OpenAlex,ionic thermally activated delayed fluorescence,"Scintillators with X-ray-excitable luminescence have attracted great attention in the fields of medical radiography, nondestructive inspection, and high-energy physics. However, thermal quenching significantly reduces radioluminescence efficiency, particularly for those phosphorescent scintillators with promising radiation-induced triplet exciton utilization, ultimately limiting their applications in high-temperature scenarios. Herein, we develop ultrahigh-temperature scintillators based on organic ionic host–guest phosphorescence systems with unprecedented thermal-stable emissions up to 673 K. The guest phosphor features spin-vibronic coupling-assisted intersystem crossing, effectively transforming phosphorescence to thermally activated delayed fluorescence for overcoming thermal inactivation of triplet excitons. Meanwhile, the rigid ionic host and guest with robust electrostatic interactions minimize both the intrinsic and extrinsic nonradiations of excitons, the so-called dual-confined nonradiation. These two mechanisms work synergistically, contributing to the highly efficient triplet exciton-based luminescence with a room-temperature phosphorescence efficiency of 38.7% and ultrahigh-temperature-resistant dual emissions. Such an innovative ionic host–guest scintillator achieves an impressively low X-ray detection limit of 71.5 nGy s –1 and remarkably bright photoluminescence (efficiency of 80.4% at 483 K), enabling ultrahigh-temperature X-ray imaging."
2025,2025-02-16,Organic Electronics,"Light-emitting electrochemical cells based on mechanochromic, thermally activated delayed fluorescence fish-shaped structures consisting of carbazole derivatives as emitters in the active layer",10.1016/j.orgel.2025.107214,Marzieh Rabiei; Raheleh Ghahary; Mozhgan Hosseinnezhad; Arvydas Palevičius; Andrius Vilkauskas; Giedrius Janušas; Sohrab Nasiri; Jean‐Michel Nunzi; Juozas Padgurskas; Raimundas Rukuiža,https://doi.org/10.1016/j.orgel.2025.107214,OpenAlex,TADF LEEC; TADF light emitting electrochemical cell; TADF light-emitting electrochemical cell,
2025,2025-01-27,Angewandte Chemie International Edition,Axially Chiral TADF Imidazolium Salts for Circularly Polarized Light‐Emitting Electrochemical Cells,10.1002/anie.202425094,Chao Feng; Ke Zhang; Bianxiang Zhang; Liheng Feng; Liheng Feng; Lei He; Lei He; Chuan‐Feng Chen; Chuan‐Feng Chen; Meng Li,https://doi.org/10.1002/anie.202425094,Crossref; OpenAlex,TADF LEC; TADF LEEC; TADF light emitting electrochemical cell; TADF light-emitting electrochemical cell; counterion TADF; imidazolium TADF; ionic TADF; ionic emitter TADF; phosphonium TADF; pyridinium TADF,"Abstract A pair of axially chiral thermally activated delayed fluorescent (TADF) enantiomers, R ‐ TCBN‐ImEtPF 6 and S ‐ TCBN‐ImEtPF 6 , with intrinsic ionic characteristics were efficiently synthesized by introducing imidazolium hexafluorophosphate to chiral TADF unit. The TADF imidazolium salts exhibited a high photoluminescence quantum yield (PLQY) of up to 92 %, a small singlet–triplet energy gap (▵ E ST ) of 0.04 eV, as well as reversible redox properties. Furthermore, the enantiomers showed distinct mirror‐image CD and CPL activities with g lum values of −3.7×10 −3 and +3.4×10 −3 . Notably, by doping the axial TADF imidazolium salts into achiral TADF sensitizer, sandwich‐structured light‐emitting electrochemical cells (LECs) without the addition of ionic liquids (ILs) or ionic transition‐metal compounds (iTMCs) were fabricated. When driven at 50 A m −2 , the LECs displayed an EQE of up to 5.2 % and strong circularly polarized electroluminescence (CPEL) with g EL values of +3.3×10 −3 and −3.0×10 −3 . This represents the first CP‐LEC based on TADF materials and offers a promising strategy for the development of high‐performance CPEL devices."
2025,2025-01-14,Nature Communications,White light-emitting electrochemical cells based on metal-free TADF emitters,10.1038/s41467-025-55954-3,Shi Tang; Youichi Tsuchiya; Jia Wang; Chihaya Adachi; Ludvig Edman,https://doi.org/10.1038/s41467-025-55954-3,Crossref; OpenAlex,TADF LEC; TADF LEEC; TADF light emitting electrochemical cell; TADF light-emitting electrochemical cell; cationic thermally activated delayed fluorescence; counterion TADF; imidazolium TADF; ionic TADF; ionic emitter TADF; ionic thermally activated delayed fluorescence; phosphonium TADF; pyridinium TADF,"Abstract The attainment of broadband white emission from a light-emitting electrochemical cell (LEC) is important, since white light enables illumination and facile color conversion and because LEC devices can be cost-efficient, conformable and sustainable. However, a drawback with current white-emitting LECs is that they either employ non-sustainable metals as a critical emitter constituent or are intrinsically efficiency limited by that the emitter only converts singlet (and not triplet) excitons to photons. Organic compounds that emit by the process of thermally activated delayed fluorescence (TADF) can address these issues since they can harvest all the electrically generated excitons for light emission while being metal free. Here, we report on the first white LEC that utilizes solely metal-free TADF compounds for the emitting species. This was accomplished through systematic design, investigation and tuning of the energy-transfer processes and the electrochemically formed doping structure within the metal-free LEC active material, which comprises two color-complementary blue and orange TADF emitters, a blend host and an ionic-liquid electrolyte. The tuned TADF-LEC emits white light with a high color rendering index of 88 and CIE coordinates of (0.36, 0.38), and this broadband emission, which can be delivered at an external quantum efficiency of 2.11% and a luminance of 350 cd/m 2 , is demonstrated to be highly invariant to both viewing angle, operational time and current density."
2025,2025-01-04,Nature Communications,The degradation mechanism of multi-resonance thermally activated delayed fluorescence materials,10.1038/s41467-024-55620-0,Byung Hak Jhun; Y.H. Park; Hwang Suk Kim; Ji Hye Baek; Joonghyuk Kim; Eunji Lee; Hyejin Moon; Changjin Oh; Yongsik Jung; Seung-Hee Choi; Mu‐Hyun Baik; Youngmin You,https://doi.org/10.1038/s41467-024-55620-0,OpenAlex,TADF light emitting electrochemical cell; TADF light-emitting electrochemical cell; anionic thermally activated delayed fluorescence; cationic thermally activated delayed fluorescence; charged thermally activated delayed fluorescence; counterion TADF,"1,4-Azaborine-based arenes are promising electroluminescent emitters with thermally activated delayed fluorescence (TADF), offering narrow emission spectra and high quantum yields due to a multi-resonance (MR) effect. However, their practical application is constrained by their limited operational stability. This study investigates the degradation mechanism of MR-TADF molecules. Electroluminescent devices incorporating these compounds display varied operational lifetimes, uncorrelated with excitonic stability or external quantum efficiency roll-off. Bulk electrolysis reveals significant instability in the radical cationic forms of MR-TADF compounds, with device lifetime linked to the Faradaic yield of oxidation. Comprehensive chemical analyses corroborate that the degradation byproducts originated from intramolecular cyclization of radical cation, followed by hydrogen atom transfer. The mechanism is further supported by enhanced stability observed in a deuterated MR-TADF emitter, attributed to a secondary kinetic isotope effect. These findings provide insights into the stabilizing effects of deuteration and mechanism-driven strategies for designing MR-TADF compounds with improved operational longevity. The limited operational stability of multi-resonance thermally activated delayed fluorescence emitters often constrains their practical application. Here, the authors report a direct correlation between device lifetime and Faradaic yield for oxidative degradation of emitter molecules."
2025,2025-01-01,RSC Advances,"Thermally activated delayed fluorescence materials: innovative design and advanced application in biomedicine, catalysis and electronics",10.1039/d5ra00157a,Ehsan Ullah Mughal; Syeda Fariha Kainat; Abdulaziz M. Almohyawi; Nafeesa Naeem; Essam M. Hussein; Amina Sadiq; Ahmad Abd‐El‐Aziz; Ning Ma; Alaa S. Abd‐El‐Aziz; A. Timoumi; Ziad Moussa; Nermeen Saeed Abbas; Saleh A. Ahmed,https://doi.org/10.1039/d5ra00157a,OpenAlex,TADF LEEC; TADF light emitting electrochemical cell; TADF light-emitting electrochemical cell,") and high photoluminescence quantum yields. We explore the diverse applications of TADF materials, spanning OLEDs, biomedical imaging, photosensitizers, photocatalysis, UV photodetectors (UVOPDs), electrogenerated chemiluminescence, triplet-triplet annihilation (TTA) sensitizers, organic hybrid microwire radial heterojunctions, multicolor luminescent micelles, mechano-luminescence (ML), light-emitting electrochemical cells (LEECs), and fluorescent probes. The integration of TADF materials in these technologies highlights their potential to enhance performance and efficiency. Through this review, we aim to elucidate the fundamental principles governing TADF behavior and present a forward-looking perspective on the synthetic methodologies and new, versatile applications of materials."
2025,2025-01-01,Physical Chemistry Chemical Physics,Correction: Achieving 9% EQE in light-emitting electrochemical cells via a TADF-sensitized fluorescence strategy,10.1039/d5cp90050f,Zeyang Zhou; Qingda Chang; Rui Chen; Pengfei Jin; Baipeng Yin; Chuang Zhang; Jiannian Yao,https://doi.org/10.1039/d5cp90050f,Crossref; OpenAlex,TADF LEC; TADF LEEC; TADF light emitting electrochemical cell; TADF light-emitting electrochemical cell; counterion TADF; imidazolium TADF; phosphonium TADF; pyridinium TADF,"Correction for ‘Achieving 9% EQE in light-emitting electrochemical cells via a TADF-sensitized fluorescence strategy’ by Zeyang Zhou et al. , Phys. Chem. Chem. Phys. , 2024, 26 , 24498–24505, https://doi.org/10.1039/D4CP02801E."
2025,2025-01-01,Chemical Science,Anion–π interaction guided switchable TADF and low-temperature phosphorescence in phosphonium salts for multiplexed anti-counterfeiting,10.1039/d5sc00522a,Jun‐Hua Wei; Yao Xiao; Jianbin Luo; Zi‐Lin He; Jing-Hua Chen; Qing-Peng Peng; Dai‐Bin Kuang,https://doi.org/10.1039/d5sc00522a,Crossref; OpenAlex,TADF LEC; TADF LEEC; counterion TADF; imidazolium TADF; ionic TADF; ionic emitter TADF; ionic thermally activated delayed fluorescence; phosphonium TADF; pyridinium TADF,"A class of host–guest phosphonium salts with bright blue TADF emission was prepared through rational molecular design, where the anion–π + stacking in the solid state plays a vital role in the population of the triplet state."
2025,2025-01-01,Materials Science and Surface Engineering,A Brief Overview of Thermally Activated Delayed Fluorescence (TADF) Light Emitting Electrochemical Cells (LEECs),10.15407/msse2025.01.006,Marzieh Rabiei; Juozas Padgurskas; Raimundas Rukuiza,https://doi.org/10.15407/msse2025.01.006,Crossref,TADF LEC; TADF LEEC; counterion TADF; imidazolium TADF; phosphonium TADF; pyridinium TADF,"Thermally Activated Delayed Fluorescence Light-Emitting Electrochemical Cells (TADF-LEECs) are single-layer emitters in which the active film contains both a luminophore and mobile ions (either an ionic TADF emitter or a neutral TADF host mixed with a salt/ionic complex). Under bias voltage, the ions migrate and form electrical double layers (EDLs) at the electrodes, lowering the injection barriers. Subsequent electrochemical doping (p-type near the anode, n-type near the cathode) creates a dynamic p-i-n junction with radiative recombination inside the film. The TADF mechanism- a small ΔEₛₜ that enables thermally driven reverse intersystem crossing (rISC), allows the harvesting of singlet and triplet excitons without heavy metals, which in principle enables an internal quantum efficiency close to unity. Compared to multilayer OLEDs, TADF-LEECs offer a simpler architecture, fully solution-based fabrication compatible with print/roll, air-stable electrodes, and straightforward color tuning via the composition of the mixed layer. Remaining challenges include turn-on delay (ion migration), operational stability/lifetime and aggregation/dexter-type quenching at high doping levels. Effective design therefore targets high PLQY of the film, small ΔEST, controlled ionic conductivity, rigid matrix with appropriate Tg, and appropriate alignment of energy levels in host-guest systems."
2024,2024-11-20,Chemical Society Reviews,"Metal complex-based TADF: design, characterization, and lighting devices",10.1039/d3cs01102j,Afsaneh Farokhi; Sophia Lipinski; Luca M. Cavinato; Hashem Shahroosvand; Babak Pashaei; Soheila Karimi; Sebastiano Bellani; Francesco Bonaccorso; Rubén D. Costa,https://doi.org/10.1039/d3cs01102j,Crossref; OpenAlex,TADF LEC; TADF LEEC; TADF light emitting electrochemical cell; TADF light-emitting electrochemical cell; counterion TADF; imidazolium TADF; phosphonium TADF; pyridinium TADF,"engineered by chemical modification of the coordinated ligands and the type of metal centre, allowing control of their ultimate photo-/electroluminescence properties, while providing a viable emitter platform for enhancing the efficiency of state-of-the-art organic light-emitting diodes (OLEDs) and light-emitting electrochemical cells (LECs). By presenting an overview of the state of the art of all metal complex-based TADF compounds, this review aims to provide a comprehensive, authoritative and critical reference for their design, characterization and device application, highlighting the advantages and drawbacks for the chemical, photonic and optoelectronic communities involved in this interdisciplinary research field."
2024,2024-11-01,Chemical Engineering Journal,"Electrochemical self-doping in intrinsically ionic, thermally activated delayed fluorescence materials enables high-performance light-emitting electrochemical cells",10.1016/j.cej.2024.157429,Ke Zhang; Yongjun Song; Xiu Ping Yue; Yibo Li; Lei He,https://doi.org/10.1016/j.cej.2024.157429,OpenAlex,TADF LEC; TADF light emitting electrochemical cell; TADF light-emitting electrochemical cell; imidazolium TADF; ionic TADF; ionic emitter TADF; ionic thermally activated delayed fluorescence,
2024,2024-10-28,Chemistry of Materials,Two-Coordinate Coinage Metal Complexes Featuring Imidazolium Carbenes: Realization of Efficient Blue Thermally Activated Delayed Fluorescence (TADF) for Organic-Light-Emitting Diodes (OLEDs),10.1021/acs.chemmater.4c02517,Li‐Ping Bai; Shu-Jia Zheng; Rui Xue; Dengfeng Li; Kanyue Li; Siqi Yu; Yuan Liu; Tian‐Yi Li,https://doi.org/10.1021/acs.chemmater.4c02517,Crossref; OpenAlex,TADF LEC; TADF LEEC; counterion TADF; imidazolium TADF; phosphonium TADF; pyridinium TADF,"As the most readily accessible N -heterocyclic carbenes (NHCs), imidazolium carbenes have traditionally been ruled out for the design of TADF coinage metal carbene–metal–amine ( CMA ) complexes due to their high-lying unoccupied π orbitals, which lead to a dark interligand charge transfer (ICT) state. In this work, in cooperation with strong electron-donating acridine ligands, a series of CMA complexes featuring imidazolium carbenes are prepared, exhibiting desired blue thermally activated delayed fluorescence (TADF) with high photoluminescent (PL) quantum yields (Φ PL ) close to unity and emission decay lifetimes as short as 1.0 μs. The small energy differences between S 1 and T 1 (Δ E ST ) of around 100 meV and the high radiative decay rates of S 1 on the order of 1 × 10 7 –10 8 s –1 contribute to the decent TADF behavior. Solution-processed blue OLEDs based on the Cu(I) emitter show an external quantum efficiency (EQE) exceeding 8.0%, demonstrating the practicality of using imidazolium carbenes in the design of TADF CMA luminophores."
2024,2024-07-10,Vytautas Magnus University,Formation and tribological investigation of the flexible substrates of thermally activated delayed fluorescent light-emitting electrochemical cells,,,https://openalex.org/W7141774194,OpenAlex,TADF LEC; TADF light emitting electrochemical cell; TADF light-emitting electrochemical cell,"Svarbiausias iššūkis šiuolaikiniame pasaulyje yra energeti ka. Šis projektas orientuotas į įrenginių ir technologijų, skirtų lankstaus substrato, skirto žemos įjungimoįtampos šviesą spinduliuojančių elektrocheminių elementų (LEC) prietaisams gaminti , tribologinių parametrų tobulinimui. Numatyta plėtoti LEC įrenginiųefektyvumą ir stabilumą bei valdymo paviršių technologiją, pagrįstą lanksčiais pagrindais, atsižvelgiant į tribologinius parametrus, tokius kaip trinti s, tepimas irsukibimas. Šiame projekte mechanochrominiai termiškai aktyvuoti uždelsto veikimo fl uorescenciniai (TADF) junginiai bus naudojami kaip emiterio sluoksnis, kadbūtų pasiektas didelis ti rpimo proceso metu pagamintų LEC efektyvumas. Todėl renkanti s ti rpimo procesą prietaisams gaminti , bus atsižvelgta į tribologinesmechaninių TADF junginių susidūrimo ir padengimo ant lankstaus pagrindo savybes ir kadangi jie gali būti įjungti bet kokia emisijos spalva ir žema akumuliatoriausįtampa. Lankstus substratas yra plona, karščiui atspari medžiaga, paprastai pagaminta iš polimerų, tokių kaip poliimidas ir polieti leno tereft alatas (PET). Lanksčiųsubstratų naudojimas žymiai sumažins prietaisų svorį ir suteiks galimybę pritaikyti , sulenkti ar susukti ekraną į bet kokią formą. Todėl dangos emiterio sluoksnioant pagrindo tribologinių savybių įverti nimas yra svarbus aspektas, kuris iki šiol nebuvo išti rtas. Pagrindinis privalumas, atsižvelgiant į tribologijos parametrus, yrapadengti emiterio sluoksnį labai tolygiai ir užti krinti gerą sukibimą su pagrindu, o tai pagerina LEC stabilumą ir efektyvumą. Tikimasi, kad, remiant Lietuvos mokslotarybos programai, šis mechanochrominių TADF gamybos pagrindo paviršiaus tribologinių savybių projektas gamyboje atvers duris į iti n efektyvių ir stabilių LECkūrimą, kurie iki tol nebuvo ti rti ."
2024,2024-07-05,Angewandte Chemie International Edition,Phosphonium Iodide Featuring Blue Thermally Activated Delayed Fluorescence for Highly Efficient X‐Ray Scintillator,10.1002/anie.202410514,Jun‐Hua Wei; Jianbin Luo; Zi‐Lin He; Qing-Peng Peng; Jing-Hua Chen; Zhizhong Zhang; Xiu‐Xian Guo; Dai‐Bin Kuang,https://doi.org/10.1002/anie.202410514,Crossref; OpenAlex,charged thermally activated delayed fluorescence; counterion TADF; ionic TADF; ionic emitter TADF; ionic thermally activated delayed fluorescence; phosphonium TADF,"Abstract Organic scintillators are praised for their abundant element reserves, facile preparation procedures, and rich structures. However, the weak X‐ray attenuation ability and low exciton utilization efficiency result in unsatisfactory scintillation performance. Herein, a new family of highly efficient organic phosphonium halide salts with thermally activated delayed fluorescence (TADF) are designed by innovatively adopting quaternary phosphonium as the electron acceptor, while dimethylamine group and halide anions (I − ) serve as the electron donor. The prepared butyl(2‐[2‐(dimethylamino)phenyl]phenyl)diphenylphosphonium iodide (C4‐I) exhibits bright blue emission and an ultra‐high photoluminescence quantum yield (PLQY) of 100 %. Efficient charge transfer is realized through the unique n‐π and anion‐π stacking in solid‐state C4‐I. Photophysical studies of C4‐I suggest that the incorporation of I accounts for high intersystem crossing rate (k ISC ) and reverse intersystem crossing rate (k RISC ), suppressing the intrinsic prompt fluorescence and enabling near‐pure TADF emission at room temperature. Benefitting from the large Stokes shift, high PLQY, efficient exciton utilization, and remarkable X‐ray attenuation ability endowed by I, C4‐I delivers an outstanding light yield of 80721 photons/MeV and a low limit of detection (LoD) of 22.79 nGy ⋅ s −1 . This work would provide a rational design concept and open up an appealing road for developing efficient organic scintillators with tunable emission, strong X‐ray attenuation ability, and excellent scintillator performance."
2024,2024-05-10,Macromolecules,Full-Color-Tunable and pH-Responsive Ultralong Afterglow Based on a Single Polymeric Phosphor with Triple-Mode Delayed Emission,10.1021/acs.macromol.4c00671,Yongkang Zuo; Hongjun Yang; Yiye Song; Wenyan Huang; Qimin Jiang; Li Jiang; Bibiao Jiang; Guangzhao Zhang,https://doi.org/10.1021/acs.macromol.4c00671,OpenAlex,anionic thermally activated delayed fluorescence,"Full-color-tunable ultralong afterglow is significant for high-level information encryption. Herein, we report such an afterglow from a polymer synthesized via one-step anionic hybrid copolymerization of maleimide and N, N -dimethylaminopropylacrylamide. The polymer film exhibits an optimal delayed emission wavelength varying from 428 to 629 nm with a duration of afterglow of up to 4 s under ambient conditions. Particularly, the afterglow is pH-responsive. Our study reveals that the unique afterglow originates from the concurrence of three distinct delayed emission modes, i.e., persistent room-temperature phosphorescence, thermally activated delayed fluorescence, and delayed fluorescence through Förster-resonance energy transfer. This present study provides a facile approach to developing high-performance afterglow materials for information encryption and decryption."
2024,2024-05-03,Aggregate,Highly efficient organic light‐emitting diodes and light‐emitting electrochemical cells employing multiresonant thermally activated delayed fluorescent emitters with bulky donor or acceptor peripheral groups,10.1002/agt2.571,Jingxiang Wang; Hassan Hafeez; Shi Tang; Tomas Matulaitis; Ludvig Edman; Ifor D. W. Samuel; Eli Zysman‐Colman,https://doi.org/10.1002/agt2.571,OpenAlex,TADF LEC; TADF light emitting electrochemical cell; TADF light-emitting electrochemical cell; ionic TADF; ionic emitter TADF; ionic thermally activated delayed fluorescence,"Abstract Multiresonant thermally activated delayed fluorescence (MR‐TADF) emitters have been the focus of extensive design efforts as they are recognized to show bright, narrowband emission, which makes them very appealing for display applications. However, the planar geometry and relatively large singlet–triplet energy gap lead to, respectively, severe aggregation‐caused quenching (ACQ) and slow reverse intersystem crossing (RISC). Here, a design strategy is proposed to address both issues. Two MR‐TADF emitters triphenylphosphine oxide (TPPO)‐tBu‐DiKTa and triphenylamine (TPA)‐tBu‐DiKTa have been synthesized. Twisted ortho ‐substituted groups help increase the intermolecular distance and largely suppress the ACQ. In addition, the contributions from intermolecular charge transfer states in the case of TPA‐tBu‐DiKTa help to accelerate RISC. The organic light‐emitting diodes (OLEDs) with TPPO‐tBu‐DiKTa and TPA‐tBu‐DiKTa exhibit high maximum external quantum efficiencies (EQE max ) of 24.4% and 31.0%, respectively. Notably, the device with 25 wt% TPA‐tBu‐DiKTa showed both high EQE max of 28.0% and reduced efficiency roll‐off (19.9% EQE at 1000 cd m −2 ) compared to the device with 5 wt% emitter (31.0% EQE max and 11.0% EQE at 1000 cd m −2 ). The new emitters were also introduced into single‐layer light‐emitting electrochemical cells (LECs), equipped with air‐stable electrodes. The LEC containing TPA‐tBu‐DiKTa dispersed at 0.5 wt% in a matrix comprising a mobility‐balanced blend‐host and an ionic liquid electrolyte delivered blue luminance with an EQE max of 2.6% at 425 cd m −2 . The high efficiencies of the OLEDs and LECs with TPA‐tBu‐DiKTa illustrate the potential for improving device performance when the DiKTa core is decorated with twisted bulky donors."
2024,2024-03-27,Advanced Optical Materials,High‐Performance Narrowband Light‐Emitting Electrochemical Cells Enabled by Intrinsically Ionic Multi‐Resonance Thermally Activated Delayed Fluorescence Emitters,10.1002/adom.202400467,Ke Zhang; Xianchun Pang; Yongjun Song; Xiu Ping Yue; Renyou Yu; Lei He,https://doi.org/10.1002/adom.202400467,OpenAlex,TADF LEC; TADF light emitting electrochemical cell; TADF light-emitting electrochemical cell; cationic thermally activated delayed fluorescence; counterion TADF; imidazolium TADF; ionic TADF; ionic emitter TADF; ionic thermally activated delayed fluorescence,"Abstract The development of efficient, bright, and stable narrowband light‐emitting electrochemical cells (LECs) has remained a challenge. Here, intrinsically ionic multi‐resonance thermally activated delayed fluorescence (MR‐TADF) emitters are reported as guest emitters for narrowband LECs, which are developed by attaching an imidazolium cation onto a typical MR‐TADF emitter. In solution, the emitters show green–blue emission peaked at 486−497 nm with small full widths at half‐maximum (FWHMs) at 24−26 nm. In doped films, they show narrowband green–blue emission with high luminescent efficiencies at ≈90%. LECs using an ionic exciplex host and the ionic MR‐TADF guest emitters show green–blue emission peaked at 494−503 nm with small FWHMs at 31−34 nm, and afford high external quantum efficiencies (EQEs) up to 10% under constant‐voltage driving. With ionic TADF small‐molecule hosts, the narrowband LECs show high EQEs up to 13.0% under constant‐voltage driving, which is the highest among all reported narrowband LECs, and afford peak brightness/EQE/half lifetime at 780 cd m−2/5.6%/62.2 h under constant‐current driving. A long half‐lifetime of ≈630 h has further been achieved at 136 cd m−2. The work demonstrates the great potential for the use of intrinsically ionic MR‐TADF guest emitters and ionic TADF hosts to develop efficient, bright, and stable narrowband LECs."
2024,2024-03-22,Advanced Optical Materials,"Monoanionic Phosphorus‐Supported Air Stable Cu(I) 8 , Ag(I) 7 , and Ag(I) 5 Nanoclusters Exhibiting TADF: A Novel Photocatalyst for Stereoselective Carbene Transfer Reactions (Advanced Optical Materials 9/2024)",10.1002/adom.202470030,Ekta Nag; Asutosh Patra; Maria Francis; Usharani Patra; Sudipta Roy,https://doi.org/10.1002/adom.202470030,Crossref,TADF LEC; TADF LEEC; counterion TADF; imidazolium TADF; phosphonium TADF; pyridinium TADF,
2024,2024-03-06,ChemRxiv,Highly efficient organic light-emitting diodes and light-emitting electrochemical cells employing multi-resonant thermally activated delayed fluorescent emitters with bulky donor or acceptor peripheral groups,10.26434/chemrxiv-2024-rxt1x,Jingxiang Wang; Hassan Hafeez; Shi Tang; Tomas Matulaitis; Ludvig Edman; Ifor D. W. Samuel; Eli Zysman‐Colman,https://doi.org/10.26434/chemrxiv-2024-rxt1x,OpenAlex,TADF LEC; TADF light emitting electrochemical cell; TADF light-emitting electrochemical cell; ionic TADF; ionic emitter TADF; ionic thermally activated delayed fluorescence,"Multi-resonant thermally activated delayed fluorescence (MR-TADF) emitters have been the focus of extensive design efforts as they are recognized to show bright, narrowband emission, which makes them very appealing for display applications. However, the planar geometry and relatively large singlet-triplet energy gap lead to, respectively, severe aggregation-caused quenching (ACQ) and slow reverse intersystem crossing (RISC). Here, a design strategy is proposed to address both issues. Two MR-TADF emitters TPPO-tBu-DiKTa and TPA-tBu-DiKTa have been synthesized. Twisted ortho-substituted groups help increase the intermolecular distance and largely suppress the ACQ. In addition, the contributions from intermolecular charge transfer states in the case of TPA-tBu-DiKTa help to accelerate RISC. The OLEDs with TPPO-tBu-DiKTa and TPA-tBu-DiKTa exhibit high maximum external quantum efficiencies (EQEmax) of 24.4 and 31.0%, respectively. Notably, the device with 25 wt% TPA-tBu-DiKTa showed both high EQEmax of 28.0% and reduced efficiency roll-off (19.9% EQE at 1000 cd m-2) compared to the device with 2 wt% emitter (31.0% EQEmax and 11.0% EQE at 1000 cd m-2). The new emitters were also introduced into single-layer LECs, equipped with air-stable electrodes. The LEC containing TPA-tBu-DiKTa dispersed at 0.5 wt% in a matrix comprising a mobility-balanced blend-host and an ionic-liquid electrolyte delivered blue luminance with an EQEmax of 2.6% at 425 cd m-2. The high efficiencies of the OLEDs and LECs with TPA-tBu-DiKTa illustrate the potential for improving device performance when the DiKTa core is decorated with twisted bulky donors."
2024,2024-02-07,Angewandte Chemie International Edition,Anionic Hydrogen‐Bonded Frameworks Showing Tautomerism and Colorful Luminescence for the Ultrasensitive Detection of Acetone,10.1002/anie.202400742,Shuaiqi Wang; Jun Liu; Shangwei Feng; Junyan Wu; Zhen Xia Yuan; Banglin Chen; Qidan Ling; Zhenghuan Lin,https://doi.org/10.1002/anie.202400742,OpenAlex,anionic thermally activated delayed fluorescence,"Abstract Tautomers coexisting in an equilibrium system have significant potential for regulating luminescent properties because of their structural differences. However, separating and stabilizing tautomers at room temperature is a considerable challenge. In this study, it is found that hydrogen‐bonded organic frameworks (HOFs) composed of Br ‐ anions can effectively separate and stabilize two proton‐transfer tautomers of triarylformamidinium bromide: namely, the nitrogen cation (BA‐N) and carbon cation (BA‐C). The BA‐N crystal consisting of a dense anionic HOF and parallelly aligned organic cations exhibits green thermally activated delayed fluorescence and red room‐temperature phosphorescence (RTP). The BA‐C crystal contains acetone molecules that induce an antiparallel arrangement of the organic cations to form a loose HOF, producing blue prompt fluorescence and green RTP. Interestingly, switching of the HOFs between BA‐N and BA‐C can be achieved through the uptake and release of acetone, thereby dynamically adjusting multiple luminescent properties. Consequently, the HOF crystals can be used for the highly sensitive and specific sensing of acetone with a detection limit of 66.74 ppm. This study not only stabilizes tautomeric luminescent materials at room temperature, but also provides a new method for constructing smart HOFs with a sensitive response to a stimulus."
2024,2024-01-21,Chemical Engineering Journal,Highly efficient ionic thermally activated delayed fluorescence emitters with short exciton lifetimes towards High-Performance Solution-Processed OLEDs,10.1016/j.cej.2024.148865,Ya-Shu Wang; Xin Lu; Xin Lu; Jinhui Song; Xiao Li; Xiaodong Tao; Lingyi Meng; Xu‐Lin Chen; Can‐Zhong Lu,https://doi.org/10.1016/j.cej.2024.148865,OpenAlex,ionic thermally activated delayed fluorescence,
2024,2024-01-01,BALTTRIB,Investigation of mechanochromic and tribological properties of a novel thermally activated delayed fluorescence carbazole derivative for lightemitting electrochemical cell application,10.15544/balttrib.2024.12,M. Rabiei; Juozas Padgurskas; R. Rukuiza,https://doi.org/10.15544/balttrib.2024.12,OpenAlex,TADF LEEC; TADF light emitting electrochemical cell; TADF light-emitting electrochemical cell,"This study investigates the design and synthesis of fish-shaped structures based on carbazole derivative for applications in light-emitting electrochemical cells (LEECs). A thermally activated delayed fluorescence (TADF) carbazole derivative was synthesized as an emitter in the active layer using a coupling reaction technique. [Ir(buoppy)2(dmapzpy)]PF6 was employed as a promising host, resulting in high-performance LEECs with enhanced brightness of 4952 cd.m-2 and an external quantum efficiency (EQE) of 4.09%. The synthesized dye exhibited a lower singlet-triplet energy splitting (ΔEST) value of 0.06 eV compared to other reported counterparts, with reverse intersystem crossing (RISC) dominating its photophysical behavior. The crystalline dye demonstrated mechanochromic behavior, as its photoluminescence (PL) spectrum red-shifted upon mechanical stimulation. This mechanochromic behavior was also observed in the fabricated LEECs, and the tribological properties were further investigated."
2024,2024-01-01,Chinese Journal of Luminescence,"Achieving High-efficiency, High-color-purity Light-emitting Electrochemical Cells through TADF-sensitized Fluorescence Strategy",10.37188/cjl.20240012,Lisi CHEN; Yanting Lan; Xiaolong Zhao; Dongdong QIN; Yuwei Zhang; Chunlan TAO; Baohua Zhang; Li Niu,https://doi.org/10.37188/cjl.20240012,OpenAlex,TADF LEC; TADF light emitting electrochemical cell; TADF light-emitting electrochemical cell; ionic TADF; ionic emitter TADF; ionic thermally activated delayed fluorescence,"2024年2月21日广州大学分析科学技术研究中心的陈荔丝、陶春兰团队和生态功能高分子材料教育部重点实验室的赵小龙团队在《发光学报》发文, 基于新一代热活化延迟荧光 发光材料的发光电化学电池 ，成为新兴的研究方向而受到关注。由于TADF 发光材料电荷分离态的激子属性，该类LECs 器件发光光谱半峰宽往往达到100 nm 以上，难以满足LEC 高色纯度的需要。该工作为进一步优化设计TSF -LECs 材料和器件奠定了基础。"
2024,2024-01-01,Physical Chemistry Chemical Physics,Achieving 9% EQE in light-emitting electrochemical cells via a TADF-sensitized fluorescence strategy,10.1039/d4cp02801e,Zeyang Zhou; Qingda Chang; Rui Chen; Pengfei Jin; Baipeng Yin; Chuang Zhang; Jiannian Yao,https://doi.org/10.1039/d4cp02801e,Crossref; OpenAlex,TADF LEC; TADF LEEC; TADF light emitting electrochemical cell; TADF light-emitting electrochemical cell; counterion TADF; imidazolium TADF; ionic TADF; ionic emitter TADF; ionic thermally activated delayed fluorescence; phosphonium TADF; pyridinium TADF,"Light-emitting electrochemical cells (LECs) are appealing for cost-effective, large-area emission applications; however, their luminescence efficiency is significantly limited by exciton annihilation caused by high concentration polarons. Here, we present thermally activated delayed fluorescence (TADF) sensitized fluorescence LECs (TSF-LECs) that achieve a record 9% EQE. The TADF sensitizers with rapid reverse intersystem crossing (RISC) rates can effectively convert triplet excitons to singlet excitons in LECs, thereby establishing a more efficient overall energy transfer pathway. Importantly, magneto-electroluminescence measurements indicate that the additional RISC route in TSF-LECs significantly suppresses the annihilation of triplet excitons and thus reduces exciton loss under high concentration polaron conditions. Compared to LECs without a sensitizer, TSF-LECs exhibit improved EQE and luminance, extended operational lifetimes, and suppressed efficiency roll-off. A flexible display prototype based on TSF-LECs was further fabricated, capable of stably displaying high-brightness preset patterns for extended periods. The exploration of the exciton dynamics in high concentration polaron environments offers valuable insights for future developments in high-efficiency LEC technology."
2023,2023-12-29,Angewandte Chemie International Edition,Oxygen‐Tolerant Near‐Infrared Organic Long‐Persistent Luminescent Copolymers**,10.1002/anie.202314500,Zesen Lin; Maosheng Li; Rengo Yoshioka; Ryoko Oyama; Ryota Kabe,https://doi.org/10.1002/anie.202314500,OpenAlex,ionic thermally activated delayed fluorescence,"Abstract Organic materials exhibiting long‐lasting emission in the near infrared are expected to have applications in bio‐imaging and other areas. Although room temperature phosphorescence and thermally activated delayed fluorescence display long‐lived emission of approximately one minute, organic long‐persistent luminescence (OLPL) systems with a similar emission mechanism to inorganic persistent emitters can emit for several hours at room temperature. In particular OLPL with a hole‐diffusion mechanism can function even in the presence of oxygen. However, ionic materials lack long‐term stability in neutral organic host owing to aggregation and phase separation. In this study, we synthesized polymers with stable near‐infrared persistent luminescence at room temperature via the copolymerization of electron donors and acceptors. The copolymers exhibit long‐persistent luminescence (LPL) at temperatures below the glass transition temperature and can be excited by approximately the entire range of visible light. LPL properties and spectra can be controlled by the dopant."
2023,2023-11-01,Zeitschrift für Naturforschung B,"Synthesis, structures and photophysical properties of two new Cu(I) complexes",10.1515/znb-2023-0046,Xiaojuan Sun; Zhiqiang Wang,https://doi.org/10.1515/znb-2023-0046,OpenAlex,cationic thermally activated delayed fluorescence,"Abstract Two cationic heteroleptic four-coordinate Cu(I) complexes were successfully synthesized and characterized by 1H NMR, 13C NMR, 31P NMR spectroscopy and mass spectrometry. The crystal structures of the complexes have been determined by single-crystal X-ray diffraction. UV/Visible absorption spectra of these complexes show ligand-centered π-π* and charge transfer transitions. In the solid state the complexes show intense emissions with microsecond-scale lifetime and relatively high efficiency at room temperature. The photophysical behavior at T = 298 and 77 K indicates that the emissions of these complexes are thermally activated delayed fluorescence mixed with phosphorescence."
2023,2023-10-06,Frontiers in Chemistry,Fluorescent homooxacalixarenes: recent applications in supramolecular systems,10.3389/fchem.2023.1258026,Paula M. Marcos; Mário Nuno Berberan-Santos,https://doi.org/10.3389/fchem.2023.1258026,OpenAlex,ammonium TADF,"This review covers recent advances (from 2006 to date) in supramolecular systems based on fluorescent homooxacalixarenes, namely hexahomotrioxacalix[3]arenes, dihomooxacalix[4]arenes and tetrahomodioxacalix[4]arenes, focusing on fluorescence sensing using their intrinsic fluorescence (built-in mesitol-like groups) or the extrinsic fluorescence of organic fluorophores, either covalently linked to the calixarenes or forming supramolecular complexes with them. Sensing applications of ions, ion pairs and neutral molecules are discussed, as well as the potential measurement of temperature based on thermally activated delayed fluorescence."
2023,2023-09-07,Advanced Optical Materials,"Monoanionic Phosphorus‐Supported Air Stable Cu(I) 8 , Ag(I) 7 , and Ag(I) 5 Nanoclusters Exhibiting TADF: A Novel Photocatalyst for Stereoselective Carbene Transfer Reactions",10.1002/adom.202301256,Ekta Nag; Asutosh Patra; Maria Francis; Usharani Patra; Sudipta Roy,https://doi.org/10.1002/adom.202301256,Crossref,TADF LEC; TADF LEEC; counterion TADF; imidazolium TADF; phosphonium TADF; pyridinium TADF,"Abstract Applications of structurally well‐defined coinage‐metal nanoclusters (NCs) as optoelectronic materials and homogeneous catalysts have been restricted due to their inherent lower stability. Herein, the syntheses, structural characterizations, and photoluminescence properties of three novel air‐stable coinage‐metal(I) NCs‐supported by carbene‐anchored monoanionic phosphorus (cAAC=P − ) with molecular formulae [(Cy‐cAACP) 4 (Cu) 4 (CuCl) 4 ] ( 4 ), [(Cy‐cAACP) 4 (Ag) 4 (AgOTf) 3 ] ( 5 ), and [(Cy‐cAACP) 4 (Ag) 5 ]NTf 2 ( 6 ) (cAAC = cyclic alkyl(amino) carbene; Tf = CF 3 SO 2 ) exhibiting thermally activated delayed fluorescence (TADF) are reported. Apart from attractive metallophilic interactions [M─M; M ═ Cu, Ag], the enhanced kinetic and thermodynamic stability of 4 – 6 can be attributed to the excellent π‐accepting ability of cAAC=P − surrounding the metallic cores. cAAC=P − anion is generated either in situ by anion‐induced cleavage of P−Sb/B bonds of corresponding stibanyl/boryl phosphaalkenes in the presence of coinage‐metal(I)‐Cl/OTf/NTf 2 salts or by directly introducing alkali‐metal phosphinidenide. The TADF properties of 4 – 6 are established by smaller energy gaps between the lowest singlet excited state and triplet excited state. In solid‐state, the delayed fluorescence lifetimes of 4 – 6 are found to be in the microsecond range with absolute photoluminescence quantum yields up to 20%. The redox‐active Cu(I) 8 NC 4 is successfully exploited as an efficient photo‐catalyst for the selective carbene transfer reaction at ambient conditions, affording cyclopropanated indoles/styrenes with excellent yields and diastereoselectivity."
2023,2023-08-24,Advanced Functional Materials,Introducing MR‐TADF Emitters into Light‐Emitting Electrochemical Cells for Narrowband and Efficient Emission,10.1002/adfm.202306170,Shi Tang; John Marques dos Santos; Joan Ràfols‐Ribé; Jia Wang; Eli Zysman‐Colman; Ludvig Edman,https://doi.org/10.1002/adfm.202306170,Crossref; OpenAlex,TADF LEC; TADF LEEC; TADF light emitting electrochemical cell; TADF light-emitting electrochemical cell; cationic thermally activated delayed fluorescence; counterion TADF; imidazolium TADF; ionic TADF; ionic emitter TADF; ionic thermally activated delayed fluorescence; phosphonium TADF; pyridinium TADF,"Abstract Organic semiconductors that emit by the process of multi-resonance thermally activated delayed fluorescence (MR-TADF) can deliver narrowband and efficient electroluminescence while being processable from solvents and metal free. This renders them attractive for use as the emitter in sustainable light-emitting electrochemical cells (LECs), but so far reports on narrowband and efficient MR-TADF emission from LEC devices are absent. Here, we address this issue through careful and systematic material selection and device development. Specifically, we show that the detrimental aggregation tendency of an archetypal rigid and planar carbazole-based MR-TADF emitter can be inhibited by its dispersion into a compatible carbazole-based blend host and an ionic-liquid electrolyte; and we further demonstrate that the tuning of this active material results in the desired achievement of balanced p- and n-type electrochemical doping, high solid-state photoluminescence quantum yield of 91%, singlet and triplet trapping on the MR-TADF guest emitter, and similarly sized electron and hole transport traps. The introduction of this designed metal-free active material into an MR-TADF LEC results in the attainment of bright blue electroluminescence of 500 cd/m 2 , which is delivered at a high external quantum efficiency of 3.8% and a narrow full-width-at-half-maximum of 31 nm."
2023,2023-08-22,Advanced Functional Materials,Design Rule Hidden from The Eye in S/N‐Bridged Ancillary Ligands for Copper(I) Complexes Applied to Light‐Emitting Electrochemical Cells,10.1002/adfm.202304668,Ginevra Giobbio; Luca M. Cavinato; Elisa Fresta; Anaïs Montrieul; Gilbert Umuhire Mahoro; Jean‐François Lohier; Jean‐Luc Renaud; Mathieu Linares; Sylvain Gaillard; Rubén D. Costa,https://doi.org/10.1002/adfm.202304668,OpenAlex,TADF LEC; TADF light emitting electrochemical cell; TADF light-emitting electrochemical cell; ionic TADF; ionic emitter TADF; ionic thermally activated delayed fluorescence,"Abstract Enhancing low‐energy emitting Cu(I)‐ionic transition metal complexes (iTMCs) light‐emitting electrochemical cells (LECs) is of utmost importance towards Cu(I)‐iTMC‐based white‐emitting LECs. Here, the ancillary ligand design includes (i) extension of π‐systems and (ii) insertion of S‐bridge between heteroaromatics rings. This led to two novel heteroleptic Cu(I)‐iTMCs: 2‐(pyridin‐2‐yl‐l2‐azanyl)quinoline (CuN2) and 2‐(naphthalen‐2‐ylthio)quinoline (CuS2) as N^N and bis[(2‐diphenylphosphino)phenyl] ether as P^P, exhibiting improved photoluminescence quantum yields (ϕ) and thermally activated delayed fluorescence processes compared to their reference Cu(I)‐iTMCs: di(pyridin‐2‐yl)‐l2‐azane (CuN1) and di(pyridin‐2‐yl)sulfane (CuS1). Despite CuS2 stands out with the highest ϕ (38% vs 17 / 14 / 1% for CuN1 / CuN2 / CuS1), only CuN2‐LECs show the expected enhanced performance (0.35 cd A−1 at luminance of 117 cd m−2) compared to CuN1‐LECs (0.02 cd A−1 at6 cd m−2), while CuS2‐LECs feature low performances (0.04 cd A−1 at 10 cd m−2). This suggests that conventional chemical design rules are not effective towards enhancing device performance. Herein, nonconventional multivariate statistical analysis and electrochemical impedance spectroscopy studies allow to rationalize the mismatch between chemical design and device performance bringing to light a hidden design rule: polarizability of the ancillary ligand is key for an efficient Cu(I)‐iTMC‐LECs. All‐in‐all, this study provides fresh insights for the design of Cu‐iTMCs fueling research on sustainable ion‐based lighting sources."
2023,2023-07-20,Journal of Molecular Structure,"Synthesis, crystal structure and photophysical properties of two TADF ionic cuprous complexes bearing 1,2,3-triazole ligand",10.1016/j.molstruc.2023.136263,Fuli Zhang; J.W. Pi; Ting Li; Bin Wei; Donghui Wei; Hua‐Bo Han; Dongqing Wu; Meiling Shao; Zhong‐Yi Li; Bin Zhai,https://doi.org/10.1016/j.molstruc.2023.136263,Crossref; OpenAlex,TADF LEC; TADF LEEC; counterion TADF; imidazolium TADF; ionic TADF; ionic thermally activated delayed fluorescence; phosphonium TADF; pyridinium TADF,
2023,2023-07-17,The Journal of Chemical Physics,Connections and performances of Green’s function methods for charged and neutral excitations,10.1063/5.0159853,Enzo Monino; Pierre‐François Loos,https://doi.org/10.1063/5.0159853,OpenAlex,charged thermally activated delayed fluorescence,"In recent years, Green's function methods have garnered considerable interest due to their ability to target both charged and neutral excitations. Among them, the well-established $GW$ approximation provides accurate ionization potentials and electron affinities and can be extended to neutral excitations using the Bethe-Salpeter equation (BSE) formalism. Here, we investigate the connections between various Green's function methods and evaluate their performance for charged and neutral excitations. Comparisons with other widely-known second-order wave function methods are also reported. Additionally, we calculate the singlet-triplet gap of cycl[3,3,3]azine, a model molecular emitter for thermally activated delayed fluorescence, which has the particularity of having an inverted gap thanks to a substantial contribution from the double excitations. We demonstrate that, within the $GW$ approximation, a second-order BSE kernel with dynamical correction is required to predict this distinctive characteristic."
2023,2023-07-09,Advanced Optical Materials,A New Class of Donor‐π‐Acceptor Phosphonium Salt Exhibiting Intriguing Thermally Activated Delayed Fluorescence,10.1002/adom.202300328,Jun‐Hua Wei; Jianbin Luo; Zi‐Lin He; Zhizhong Zhang; Dai‐Bin Kuang,https://doi.org/10.1002/adom.202300328,Crossref; OpenAlex,counterion TADF; ionic TADF; ionic thermally activated delayed fluorescence; phosphonium TADF,"Abstract Thermally activated delayed fluorescence (TADF) behaviors in metal halide perovskite and perovskite derivatives are rarely reported due to the absence of suitable TADF molecules that can serve as the A‐site cations. Herein, a series of novel donor‐ π ‐acceptor type of molecules are developed by adopting substituted phosphine and phosphonium as the electron donor and acceptor linked by the polarized π ‐spacer. The prepared ((diphenylphosphaneyl)phenyl)diphenylphosphonium‐X (BzDPP‐X, X = counterions: Cl − , Br − , I − , NO 3 − , CH 3 COO − etc.) salts show bright emission in the visible range with TADF characteristics due to the strong intramolecular charge transfer (ICT). Benefiting from the spatially separated highest occupied molecular orbital and lowest unoccupied molecular orbital, small singlet‐triplet energy splitting (Δ E ST ) is obtained, facilitating the reverse intersystem crossing process. It turns out that the emission of BzDPP‐X is dependent on the counter anions, and the counterions help to stabilize the ICT state. Intriguingly, the emission can be tuned by integrating metal‐halide units into the above phosphonium salt. Remarkably, the zinc‐based halide exhibits a higher photoluminescence quantum yield (36.2%) than the pure benzyl(2‐(diphenylphosphaneyl)phenyl)diphenylphosphonium bromide (26.9%). This work exemplifies an easy design concept and a facile synthetic method toward ionic luminescent materials."
2023,2023-07-04,ChemRxiv,Air-stable Copolymer Exhibiting Near-Infrared Long-Persistent Luminescence,10.26434/chemrxiv-2023-t5bnk,Zesen Lin; Maosheng Li; Ryota Kabe,https://doi.org/10.26434/chemrxiv-2023-t5bnk,OpenAlex,TADF light emitting electrochemical cell; TADF light-emitting electrochemical cell; ionic TADF; ionic emitter TADF; ionic thermally activated delayed fluorescence,"Organic materials exhibiting long-lasting emission in the near infrared are expected to have applications in bio-imaging and other areas. Although room temperature phosphorescence and thermally activated delayed fluorescence display long-lived emission of approximately one minute, organic long-persistent luminescence (OLPL) systems with a similar emission mechanism to inorganic persistent emitters can emit for several hours at room temperature. In particular, OLPL with a hole-diffusion mechanism can function even in the presence of oxygen. However, ionic materials lack long-term stability in neutral organic host owing to aggregation and phase separation. In this study, we synthesised polymers with stable near-infrared persistent luminescence at room temperature via the copolymerisation of electron donors and acceptors. The copolymers exhibit long-persistent luminescence (LPL) at temperatures below the glass transition temperature and can be excited by approximately the entire range of visible light. LPL properties and spectra can be controlled by the dopant."
2023,2023-06-22,Inorganic Chemistry,Thermally Activated Delayed Fluorescence in Neutral and Cationic Copper(I) Complexes with the 2-(4-Thiazolyl)benzimidazole Ligand,10.1021/acs.inorgchem.3c01409,Adrián Alconchel; Olga Crespo; M. Concepción Gimeno,https://doi.org/10.1021/acs.inorgchem.3c01409,OpenAlex,TADF light emitting electrochemical cell; TADF light-emitting electrochemical cell; cationic thermally activated delayed fluorescence; counterion TADF; ionic TADF; ionic emitter TADF; ionic thermally activated delayed fluorescence,"High Resolution Image Download MS PowerPoint Slide Cationic [Cu(P^P)(Htbz)]PF 6 [P^P = xantphos, dpephos; Htbz = 2-(4-thiazolyl)benzimidazole] and the corresponding neutral complexes [Cu(P^P)(tbz)], obtained through deprotonation of the diimine ligand, have been synthesized with the aim of analyzing the role of the diphosphane and Htbz deprotonation in the emissive properties of these complexes. For the study of the diphosphane effect, the luminescence properties of these compounds have been compared with those of the reported analogous derivatives with Htbz and carborane diphosphanes. Complexes [Cu(P^P)(Htbz)]PF 6 (P^P = xantphos, dpephos) and [Cu(dpephos)(tbz)] display thermally activated delayed fluorescence, which has been studied, revealing a Δ E (S 1 –T 1 ) between 658 and 455 cm –1 . Theoretical calculations indicate different origins for the absorptions, leading to the observed emissions."
2023,2023-06-21,Reports on Progress in Physics,Thermally activated delayed fluorescence materials for organic light-emitting diodes,10.1088/1361-6633/ace06a,Xiaoning Li; Shiyao Fu; Yujun Xie; Zhen Li,https://doi.org/10.1088/1361-6633/ace06a,OpenAlex,TADF light emitting electrochemical cell; TADF light-emitting electrochemical cell,"Recently, the remarkable advances in thermally activated delayed fluorescence (TADF) materials have attracted much attention due to their 100% exciton utilization efficiency in organic light-emitting diodes (OLEDs). Although the commercialization of TADF materials is at an early stage, they exhibit enormous potential for next-generation OLEDs due to the comparable electroluminescence performance to metal of their phosphorescent complex counterparts, but without the presence of precious metal elements. This review summarizes the different types of TADF small molecules with various photophysical properties and the state-of-the-art molecular design strategies. Furthermore, the device engineering is discussed, and emerging optoelectronic applications, such as organic light-emitting electrochemical cells, organic lasing, and organic scintillators, are introduced. It is anticipated that this review can clarify the design of efficient TADF emitters and point out the direction of future development."
2023,2023-05-25,Angewandte Chemie International Edition,Fast and Tunable Phosphorescence from Organic Ionic Crystals,10.1002/anie.202305108,Iida Partanen; Omar Al‐Saedy; Toni Eskelinen; Antti J. Karttunen; Jarkko J. Saarinen; Ondřej Mrózek; Andreas Steffen; Andrey Belyaev; Pi‐Tai Chou; Igor O. Koshevoy,https://doi.org/10.1002/anie.202305108,OpenAlex,counterion TADF; ionic TADF; ionic emitter TADF; ionic thermally activated delayed fluorescence; phosphonium TADF,"Abstract Crystalline diphosphonium iodides [MeR2P‐spacer‐R2Me]I with phenylene (1, 2), naphthalene (3, 4), biphenyl (5) and anthracene (6) as aromatic spacers, are photoemissive under ambient conditions. The emission colors (λem values from 550 to 880 nm) and intensities (Φem reaching 0.75) are defined by the composition and substitution geometry of the central conjugated chromophore motif, and the anion‐π interactions. Time‐resolved and variable‐temperature luminescence studies suggest phosphorescence for all the titled compounds, which demonstrate observed lifetimes of 0.46–92.23 μs at 297 K. Radiative rate constants kr as high as 2.8×105 s−1 deduced for salts 1–3 were assigned to strong spin‐orbit coupling enhanced by an external heavy atom effect arising from the anion‐π charge‐transfer character of the triplet excited state. These rates of anomalously fast metal‐free phosphorescence are comparable to those of transition metal complexes and organic luminophores that utilize triplet excitons via a thermally activated delayed fluorescence mechanism, making such ionic luminophores a new paradigm for the design of photofunctional and responsive molecular materials."
2023,2023-03-09,Advanced Materials,Thermally Enhanced and Long Lifetime Red TADF Carbon Dots via Multi‐Confinement and Phosphorescence Assisted Energy Transfer,10.1002/adma.202211858,Qing Lou; Chen Niu; Jinyang Zhu; Kai‐Kai Liu; Chao Li; Yongsheng Zhu; Wen Xu; Xu Chen; Zhijiang Song; Changhao Liang; Chongxin Shan; Junhua Hu,https://doi.org/10.1002/adma.202211858,Crossref; OpenAlex,TADF LEC; TADF LEEC; counterion TADF; imidazolium TADF; ionic TADF; ionic emitter TADF; ionic thermally activated delayed fluorescence; phosphonium TADF; pyridinium TADF,"Abstract Thermally activated delayed fluorescence (TADF) materials, which can harvest both singlet and triplet excitons for high‐efficiency emission, have attracted widespread concern for their enormous applications. Nevertheless, luminescence thermal quenching severely limits the efficiency and operating stability in TADF materials and devices at high temperature. Herein, a surface engineering strategy is adopted to obtain unique carbon dots (CDs)‐based thermally enhanced TADF materials with ≈250% enhancement from 273 to 343 K via incorporating seed CDs into ionic crystal network. The rigid crystal network can simultaneously boost reverse intersystem crossing process via enhancing spin‐orbit coupling between singlet and triplet states and suppressing non‐radiative transition rate, contributing to the thermally enhanced TADF character. Benefiting from efficient energy transfer from triplet states of phosphorescence center to singlet states of CDs, TADF emission at ≈600 nm in CDs displays a long lifetime up to 109.6 ms, outperforming other red organic TADF materials. Thanks to variable decay rates of the delayed emission centers, time and temperature‐dependent delayed emission color has been first realized in CDs‐based delayed emission materials. The CDs with thermally enhanced and time‐/temperature‐dependent emission in one material system can offer new opportunities in information protection and processing."
2023,2023-02-19,Advanced Optical Materials,Bright and Photostable TADF‐Emitting Zirconium(IV) Pyridinedipyrrolide Complexes: Efficient Dyes for Decay Time‐Based Temperature Sensing and Imaging,10.1002/adom.202202720,Andreas Russegger; Angela C. Debruyne; Daniel Carvajal Berrio; Stefanie Fuchs; Julia Marzi; Katja Schenke‐Layland; Ruslan I. Dmitriev; Sergey M. Borisov,https://doi.org/10.1002/adom.202202720,Crossref; OpenAlex,TADF LEC; TADF LEEC; ammonium TADF; anionic thermally activated delayed fluorescence; cationic thermally activated delayed fluorescence; charged thermally activated delayed fluorescence; counterion TADF; imidazolium TADF; phosphonium TADF; pyridinium TADF,"Abstract Luminescence thermometry represents a technique of choice for measurements in small objects and imaging of temperature distribution. However, most state‐of‐the‐art luminescent probes are limited in spectral characteristics, brightness, photostability, and sensitivity. Molecular thermometers of the new generation utilizing air and moisture‐stable zirconium(IV) pyridinedipyrrolide complexes can address all these limitations. The dyes emit pure thermally activated delayed fluorescence without any prompt fluorescence and show a unique combination of attractive features: a) visible light excitation and emission in the orange/red region, b) high luminescence brightness (quantum yields ≈0.5 in toluene and 0.8–1.0 in polystyrene matrix), c) excellent photostability, d) suitability for two‐photon excitation and e) mono‐exponential decay on the order of tens to hundreds of microseconds with strongly temperature‐dependent lifetimes (between −2.5 and −2.9% K −1 in polystyrene at 25 °C). Immobilization in gas‐blocking polymers yields sensing materials for self‐referenced decay time read‐out that are manufactured in two common formats: planar optodes and water‐dispersible nanoparticles. Positively charged nanoparticles are demonstrated to be suitable for nanothermometry in live cells and multicellular spheroids. Negatively charged nanoparticles represent advanced analytical tools for imaging temperature gradients in samples of small volumes such as microfluidic devices."
2023,2023-02-13,Chemistry - A European Journal,White Light‐Emitting Electrochemical Cells Employing Phosphor‐Sensitized Thermally Activated Delayed Fluorescence to Approach All‐Phosphorescent Device Efficiencies,10.1002/chem.202300034,Xuan‐Jun Chen; Yu‐Ting Huang; Dian Luo; Chih‐Hao Chang; Chin‐Wei Lu; Hai‐Ching Su,https://doi.org/10.1002/chem.202300034,OpenAlex,TADF LEC; TADF light emitting electrochemical cell; TADF light-emitting electrochemical cell; ionic TADF; ionic emitter TADF; ionic thermally activated delayed fluorescence,"Solid-state light-emitting electrochemical cells (LECs) show promising advantages of simple device architecture, low operation voltage, and insensitivity to the electrode work functions such that they have high potential in low-cost display and lighting applications. In this work, novel white LECs based on phosphor-sensitized thermally activated delayed fluorescence (TADF) are proposed. The emissive layer of these white LECs is composed of a blue-green phosphorescent host doped with a deep-red TADF guest. Efficient singlet-to-triplet intersystem crossing (ISC) on the phosphorescent host and the subsequent Förster energy transfer from the host triplet excitons to guest singlet excitons can make use of both singlet and triplet excitons on the host. With the good spectral overlap between the host emission and the guest absorption, 0.075 wt.% guest doping is sufficient to cause substantial energy transfer efficiency (ca. 40 %). In addition, such a low guest concentration also reduces the self-quenching effect and a high photoluminescence quantum yield of up to 84 % ensures high device efficiency. The phosphor-sensitized TADF white LECs indeed show a high external quantum efficiency of 9.6 %, which is comparable with all-phosphorescent white LECs. By employing diffusive substrates to extract the light trapped in the substrate, the device efficiency can be further improved by ca. 50 %. In the meantime, the intrinsic EL spectrum and device lifetime of the white LECs recover since the microcavity effect is destroyed. This work successfully demonstrates that the phosphor-sensitized TADF white LECs are potential candidates for efficient white light-emitting devices."
2023,2023-02-10,Chemical Engineering Journal,Realizing high-performance bluish-green ionic thermally activated delayed fluorescence materials through counterion regulation,10.1016/j.cej.2023.141836,Ya-Shu Wang; Tianxiang Zhao; Jinhui Song; Xiaodong Tao; Donghai Zhang; Lingyi Meng; Xu‐Lin Chen; Can‐Zhong Lu,https://doi.org/10.1016/j.cej.2023.141836,Crossref; OpenAlex,counterion TADF; ionic thermally activated delayed fluorescence,
2023,2023-01-31,Angewandte Chemie International Edition,"Functional Roles of Polymers in Room‐Temperature Phosphorescent Materials: Modulation of Intersystem Crossing, Air Sensitivity and Biological Activity",10.1002/anie.202218712,Hao Su; Kan Hu; Wenhuan Huang; Tao Wang; Xiaolong Zhang; Xiaolong Zhang; Biao Chen; Hui Miao; Xuepeng Zhang; Xuepeng Zhang; Guoqing Zhang,https://doi.org/10.1002/anie.202218712,OpenAlex,charged thermally activated delayed fluorescence,"Abstract Organic room‐temperature phosphorescent (RTP) materials routinely incorporate polymeric components, which usually act as non‐functional or “inert” media to protect excited‐state phosphors from thermal and collisional quenching, but are lesser explored for other influences. Here, we report some exemplary “active roles” of polymer matrices played in organic RTP materials, including: 1) color modulation of total delayed emissions via balancing the population ratio between thermally‐activated delayed fluorescence (TADF) and RTP due to dielectric‐dependent intersystem crossing; 2) altered air sensitivity of RTP materials by generating various surface morphologies such as nano‐sized granules; 3) enhanced bacterial elimination for enhanced electrostatic interactions with negatively charged bio‐membranes. These active roles demonstrated that the vast library of polymeric structures and functionalities can be married to organic phosphors to broaden new application horizons for RTP materials."
2023,2023-01-24,Inorganic Chemistry,Cationic Zinc(II) Complexes with Carbazole-Type Counter-Anions: Intracomplex Donor/Acceptor Pairs Affording Exciplexes with Thermally Activated Delayed Fluorescence,10.1021/acs.inorgchem.2c03804,Ke Zhang; Xianwen Meng; Lei He,https://doi.org/10.1021/acs.inorgchem.2c03804,OpenAlex,TADF LEC; TADF light emitting electrochemical cell; TADF light-emitting electrochemical cell; cationic thermally activated delayed fluorescence; counterion TADF; ionic TADF; ionic emitter TADF; ionic thermally activated delayed fluorescence,"Two cationic zinc(II) complexes with carbazole-type counter-anions, namely, [Zn(tpy) 2 ] 2+ [CAZ- p -BF 3 – ] 2 (Zn- p ) and [Zn(tpy) 2 ] 2+ [CAZ- o -BF 3 – ] 2 (Zn- o ), have been designed and synthesized, where tpy is 2,2′:6′,2″-terpyridine, CAZ- p -BF 3 – is 4-((9 H -carbazol-9-yl)phenyl)trifluoroborate, and CAZ- o -BF 3 – is (2-(9 H -carbazol-9-yl)phenyl)trifluoroborate. The complex cation [Zn(tpy) 2 ] 2+ (as the acceptor) and the carbazole-type counter-anion CAZ- p -BF 3 – or CAZ- o -BF 3 – (as the donor) form an intracomplex donor/acceptor pair. Single-crystal structures reveal that compared to Zn- p, Zn- o exhibits a stronger π–π stacking interaction between the carbazole group (as the donor unit) of the counter-anion and the tpy ligand (as the acceptor unit) of [Zn(tpy) 2 ] 2+ because of the different anchoring position of the BF 3 – anion in the counter-anion. In a doped film, Zn- p and Zn- o afford an isolated exciplex formed between the carbazole group and the tpy ligand within the single complex, which gives green-yellow emission with a thermally activated delayed fluorescence (TADF) feature. In crystalline states, Zn- p and Zn- o afford exciplexes with blue emission centered at 468 nm and green-blue emission centered at 508 nm, respectively. The Zn- p crystalline sample shows a relatively large singlet–triplet energy gap (Δ E ST ) (0.33 eV) and no TADF, whereas the Zn- o crystalline sample exhibits a small Δ E ST (0.06 eV) and distinct TADF, with a reverse intersystem crossing rate at 3.3 × 10 5 s –1 . Zn- p and Zn- o both exhibit intriguing mechanochromic luminescence, with largely red-shifted (by over 70 nm) emission and modulated TADF properties upon mechanically grinding the crystalline samples. The work demonstrates that donor/acceptor pairs affording exciplexes can be formed within cationic metal complexes using counter-anions with donor nature, which opens a new avenue toward photo-active metal complexes with rich photophysical properties."
2023,2023-01-02,Chemistry - A European Journal,Exploring the Electroluminescent Applications of Imidazole Derivatives,10.1002/chem.202203040,Yan‐Ding Lin; Wei‐Wen Tsai; Chin‐Wei Lu,https://doi.org/10.1002/chem.202203040,OpenAlex,TADF LEC; TADF light emitting electrochemical cell; TADF light-emitting electrochemical cell,"Recently, the fields of organic light-emitting diodes (OLEDs) and light-emitting electrochemical cells (LECs) have improved tremendously with regard to tunable emission, efficiency, brightness, and thermal stability. Imidazole derivatives are excellent deep blue-green light-emitting layers in the OLED or LEC devices. This Review summarizes the major breakthroughs of various electroluminescence (EL) layers with imidazole-containing organic or organometallic derivatives, the molecular design principles, and their light-emitting performances as effective EL materials. The highly tunable chemical structures and flexible molecular design strategies of imidazole-based compounds are advantages that provide great opportunities for researchers. They can provide a good basis for the design and development of new EL materials with narrower emission and higher efficiency. Moreover, imidazole compounds have demonstrated breakthrough performances in thermally activated delayed fluorescence (TADF) properties where triplet excitons are utilized to inhibit anti-intersystem quenching, showing great promise in breaking the theoretical external quantum efficiencies (EQE) limits in traditional fluorescent devices."
2022,2022-11-03,Analytical Chemistry,Electrochemiluminescence of Polymer Dots Featuring Thermally Activated Delayed Fluorescence for Sensitive DNA Methylation Detection,10.1021/acs.analchem.2c02934,Chao Wang; Jie Wu; Hao Huang; Qiqi Xu; Huangxian Ju,https://doi.org/10.1021/acs.analchem.2c02934,OpenAlex,charged thermally activated delayed fluorescence,"Polymer dots (Pdots) as electrochemiluminescence (ECL) emitters have drawn intensive attention for expanding the application of ECL analytical technology. Here we used a donor–acceptor polymer with thermally activated delayed fluorescence (TADF) property as a precursor to design and synthesize a kind of highly efficient Pdots with desirable annihilation and co-reactant ECL behaviors. The TADF Pdots possessed a highly stable negative-charged state in the ECL process, and their ECL emission followed the “S-route”, thus achieving theoretically 100% excitons harvesting for radiative decay. With S 2 O 8 2– or tripropylamine as the co-reactant, the TADF Pdots exhibited intensive bandgap ECL emission and possessed ultrahigh ECL efficiency, which were superior to conventional fluorescent Pdots due to the TADF property and the shielding of oxygen quenching effect toward triplet excitons. By combining the stable cathodic ECL property of TADF Pdots with rolling circle amplification reaction, a sensitive ECL biosensor was designed for DNA methylation detection with RASSF1A gene fragment as a target model, which showed detection limits down to the fM level and realized the localization of the methylation site on target DNA based on steric hindrance effect. This work revealed the great potential of TADF emitters in ECL efficiency elevation and offered a new idea for the development of detection kits to quantitatively detect gene methylation."
2022,2022-09-22,Beilstein Journal of Organic Chemistry,Ionic multiresonant thermally activated delayed fluorescence emitters for light emitting electrochemical cells,10.3762/bjoc.18.136,Merve Karaman; Abhishek Kumar Gupta; Subeesh Madayanad Suresh; Tomas Matulaitis; Lorenzo Mardegan; Daniel Tordera; Henk J. Bolink; Sen Wu; Stuart L. Warriner; Ifor D. W. Samuel; Eli Zysman‐Colman,https://doi.org/10.3762/bjoc.18.136,OpenAlex,TADF LEEC; TADF light emitting electrochemical cell; TADF light-emitting electrochemical cell; cationic thermally activated delayed fluorescence; charged thermally activated delayed fluorescence; imidazolium TADF; ionic TADF; ionic emitter TADF; ionic thermally activated delayed fluorescence; pyridinium TADF,"We designed and synthesized two new ionic thermally activated delayed fluorescent (TADF) emitters that are charged analogues of a known multiresonant TADF (MR-TADF) compound, DiKTa . The emission of the charged derivatives is red-shifted compared to the parent compound. For instance, DiKTa-OBuIm emits in the green (λ PL = 499 nm, 1 wt % in mCP) while DiKTa-DPA-OBuIm emits in the red (λ PL = 577 nm, 1 wt % in mCP). In 1 wt % mCP films, both emitters showed good photoluminescence quantum yields of 71% and 61%, and delayed lifetimes of 316.6 μs and 241.7 μs, respectively, for DiKTa-OBuIm and DiKTa-DPA-OBuIm , leading to reverse intersystem crossing rates of 2.85 × 10 3 s −1 and 3.04 × 10 3 s −1 . Light-emitting electrochemical cells were prepared using both DiKTa-OBuIm and DiKTa-DPA-OBuIm as active emitters showing green (λ max = 534 nm) and red (λ max = 656 nm) emission, respectively."
2022,2022-09-15,The Journal of Physical Chemistry A,Intrinsic Analysis of Thermally Activated Delayed Fluorescence (TADF) for Ag(I) Complex Based on the Path Integral Approach: Origin of the Effective Spin-Flipping Channel and Vibrational Spin-Orbit Coupling Effect,10.1021/acs.jpca.2c05209,Lingling Lv; Kun Yuan; Tianyu Zhao; Guoliang Dai,https://doi.org/10.1021/acs.jpca.2c05209,Crossref; OpenAlex,TADF LEC; TADF LEEC; ammonium TADF; charged thermally activated delayed fluorescence; counterion TADF; imidazolium TADF; phosphonium TADF; pyridinium TADF,"In order to design new Ag(I)-based materials for thermally activated delayed fluorescence (TADF), it is vital to develop a detailed understanding of the current best performing materials. The quantitative predictions of the photophysical processes of the Ag(dmp)(P 2 -nCB) TADF complex are calculated using time-dependent density functional theory (TD-DFT) combined with the path integral approach for dynamics including the Herzberg–Teller effects. All calculated results are in good agreement with the experimentally available data, demonstrating the validity of our applied theoretical approach. Analysis of ETS-NOCV (extended transition state natural orbital for chemical valence) shows that there is a weak bond interaction dominated by electrostatic interactions and accompanied by some covalent components between Ag(I) and dmp ligands due to the introduction of the strongly electron-donating negatively charged P 2 -nCB ligand, thus giving a small energy separation between the lowest singlet S 1 and triplet T 1 states of Δ E (S 1 – T 1 ) ≈ 532 cm –1 . The SOC strongly depends on the geometrical alteration caused by the molecular “promotion” vibrations. Our study has revealed that a few “promotion” vibrational modes, that is, ω 46 and ω 227, effectively induce the strong SOC between S 1 and T 1 and speed up the reverse intersystem crossing (RISC) process dramatically. The computed k RISC value is 1.19 × 10 7 s –1 for the solid phase at 300 K, which are about 5 orders of magnitude larger than the mean phosphorescence rate, k P = 9.56 × 10 2 s –1, and it is also far larger than ISC k 0 ISC = 7.84 × 10 2 s –1 rates from T 1 to S 0 . The S 1 state thus can be an efficient thermal repopulation from the T 1 state by the RISC pathway. Finally, we also note that the diabatic vibration coupling triplet pair T 1 /T 2 will also be important for efficient and practical RISC. Our investigation will be of great utility toward designing and improving the Ag(I)-based TADF complexes."
2022,2022-08-12,Zeitschrift für Naturforschung B,"Synthesis, structures, and photophysical properties of two Cu(I) complexes supported by N-heterocyclic carbene and phosphine ligands",10.1515/znb-2022-0092,Xin‐Hua Lou; Yunfei Tian; Zhiqiang Wang,https://doi.org/10.1515/znb-2022-0092,OpenAlex,cationic thermally activated delayed fluorescence,"Abstract Two new cationic four-coordinate Cu(I) complexes supported by different chelating N-heterocyclic carbene ligands and the diphosphine ligand bis[2-(diphenylphosphino)phenyl]ether (POP) have been synthesized. The chemical structures of both complexes have been characterized by 1H NMR, 13C NMR, 31P NMR, and mass spectroscopy, and the crystal structure of one complex has been determined by single-crystal X-ray diffraction. Results of theoretical calculations indicate that the lowest energy electronic transitions of these complexes are mainly the metal-to-ligand charge transfer and ligand-to-ligand charge transfer transitions. The complexes in solid state show intense emissions with high photoluminescence quantum yields. The photophysical behavior at 298 and 77K shows that emissions of these complexes at room temperature are thermally activated delayed fluorescence mixed with phosphorescence."
2022,2022-08-12,CCS Chemistry,Phosphonium-Based Ionic Thermally Activated Delayed Fluorescence Emitters for High-Performance Partially Solution-Processed Organic Light-Emitting Diodes,10.31635/ccschem.022.202202145,Xu‐Lin Chen; Xiaodong Tao; Ya-Shu Wang; Zhuangzhuang Wei; Lingyi Meng; Donghai Zhang; Fulin Lin; Can‐Zhong Lu,https://doi.org/10.31635/ccschem.022.202202145,Crossref; OpenAlex,TADF light emitting electrochemical cell; TADF light-emitting electrochemical cell; cationic thermally activated delayed fluorescence; charged thermally activated delayed fluorescence; ionic TADF; ionic emitter TADF; ionic thermally activated delayed fluorescence; phosphonium TADF,"Open AccessCCS ChemistryCOMMUNICATIONS2 Sep 2022Phosphonium-Based Ionic Thermally Activated Delayed Fluorescence Emitters for High-Performance Partially Solution-Processed Organic Light-Emitting Diodes Xu-Lin Chen, Xiao-Dong Tao, Ya-Shu Wang, Zhuangzhuang Wei, Lingyi Meng, Dong-Hai Zhang, Fu-Lin Lin and Can-Zhong Lu Xu-Lin Chen State Key Laboratory of Structural Chemistry, Fujian Institute of Research on the Structure of Matter, Chinese Academy of Sciences, Fuzhou, Fujian 350002 Xiamen Key Laboratory of Rare Earth Photoelectric Functional Materials, Xiamen Institute of Rare Earth Materials, Haixi Institutes, Chinese Academy of Sciences, Xiamen, Fujian 361021 Fujian Science & Technology Innovation Laboratory for Optoelectronic Information of China, Fuzhou, Fujian 350108 , Xiao-Dong Tao State Key Laboratory of Structural Chemistry, Fujian Institute of Research on the Structure of Matter, Chinese Academy of Sciences, Fuzhou, Fujian 350002 Xiamen Key Laboratory of Rare Earth Photoelectric Functional Materials, Xiamen Institute of Rare Earth Materials, Haixi Institutes, Chinese Academy of Sciences, Xiamen, Fujian 361021 , Ya-Shu Wang State Key Laboratory of Structural Chemistry, Fujian Institute of Research on the Structure of Matter, Chinese Academy of Sciences, Fuzhou, Fujian 350002 Xiamen Key Laboratory of Rare Earth Photoelectric Functional Materials, Xiamen Institute of Rare Earth Materials, Haixi Institutes, Chinese Academy of Sciences, Xiamen, Fujian 361021 , Zhuangzhuang Wei State Key Laboratory of Structural Chemistry, Fujian Institute of Research on the Structure of Matter, Chinese Academy of Sciences, Fuzhou, Fujian 350002 Xiamen Key Laboratory of Rare Earth Photoelectric Functional Materials, Xiamen Institute of Rare Earth Materials, Haixi Institutes, Chinese Academy of Sciences, Xiamen, Fujian 361021 , Lingyi Meng State Key Laboratory of Structural Chemistry, Fujian Institute of Research on the Structure of Matter, Chinese Academy of Sciences, Fuzhou, Fujian 350002 Xiamen Key Laboratory of Rare Earth Photoelectric Functional Materials, Xiamen Institute of Rare Earth Materials, Haixi Institutes, Chinese Academy of Sciences, Xiamen, Fujian 361021 , Dong-Hai Zhang State Key Laboratory of Structural Chemistry, Fujian Institute of Research on the Structure of Matter, Chinese Academy of Sciences, Fuzhou, Fujian 350002 Xiamen Key Laboratory of Rare Earth Photoelectric Functional Materials, Xiamen Institute of Rare Earth Materials, Haixi Institutes, Chinese Academy of Sciences, Xiamen, Fujian 361021 , Fu-Lin Lin State Key Laboratory of Structural Chemistry, Fujian Institute of Research on the Structure of Matter, Chinese Academy of Sciences, Fuzhou, Fujian 350002 Xiamen Key Laboratory of Rare Earth Photoelectric Functional Materials, Xiamen Institute of Rare Earth Materials, Haixi Institutes, Chinese Academy of Sciences, Xiamen, Fujian 361021 and Can-Zhong Lu *Corresponding author: E-mail Address: [email protected] State Key Laboratory of Structural Chemistry, Fujian Institute of Research on the Structure of Matter, Chinese Academy of Sciences, Fuzhou, Fujian 350002 Xiamen Key Laboratory of Rare Earth Photoelectric Functional Materials, Xiamen Institute of Rare Earth Materials, Haixi Institutes, Chinese Academy of Sciences, Xiamen, Fujian 361021 Fujian Science & Technology Innovation Laboratory for Optoelectronic Information of China, Fuzhou, Fujian 350108 https://doi.org/10.31635/ccschem.022.202202145 SectionsSupplemental MaterialAboutAbstractPDF ToolsAdd to favoritesDownload CitationsTrack Citations ShareFacebookTwitterLinked InEmail Ionic thermally activated delayed fluorescence (TADF) emitters are rarely investigated due to their poor photoluminescence and electroluminescence performance. Herein, highly efficient ionic TADF emitters with charged donor–acceptor (D–A+) and D–A+–D architectures are designed, innovatively based on the phosphonium cation electron acceptor. The symmetric D–A+–D compound in doped film exhibits a high photoluminescence quantum yield of 0.91 and a short emission lifetime of 1.43 microseconds. Partially solution-processed organic light-emitting diodes based on these ionic TADF emitters achieve a maximum external quantum efficiency (EQE) of 18.3% and a peak luminance of 14,532 candelas per square meter (cd/m2) and show a small efficiency roll-off of 7.1% (EQE = 17%) at a practical high luminance of 1000 cd/m2. These results demonstrate the high potential of phosphonium cations as promising electron acceptors to construct TADF emitters for high-performance electroluminescence devices. The current study opens up an appealing way for future exploitation of high-efficiency ionic TADF materials. Download figure Download PowerPoint Introduction Thermally activated delayed fluorescence (TADF) molecules have been developed as third-generation organic light-emitting diode (OLED) emitters, owing to their potential to realize an internal quantum efficiency of unity without using noble metals.1,2 While numerous highly efficient TADF-based OLEDs have been reported to date, some key challenges remain to be tackled for practical applications.3 For example, TADF-OLEDs usually suffer from severe efficiency roll-off during high-luminance operations owing to exciton annihilation.4–6 To prevent the formation of high-energy excitons and reduce efficiency roll-off in OLEDs, efficient TADF emitters with short emission lifetimes7–10 and fast reverse intersystem crossing (RISC)11–14 are highly desired. TADF emitters are generally composed of suitable electron-donor (D) and electron-acceptor (A) moieties that can create spatial separation of the highest occupied molecular orbital (HOMO) and the lowest unoccupied molecular orbital (LUMO). Finding the ideal D and A species is the priority in order to exploit TADF molecules. Unlike electron donors that are almost limited to arylamine derivatives,15 a wide variety of electron acceptors based on main-group elements have been utilized to construct TADF emitters,16 including arylboron,17–22N-heterocycle,23–26 cyano,1,27,28 sulfone,29 carbonyl30–35 groups, and so on. To date, the vast majority of TADF materials are constructed based on neutral D and A moieties ( Supporting Information Figure S5). Charged luminescent materials (e.g., cyanines, rhodamines, ionic metal complexes, etc.) have been utilized in versatile photonic applications due to their ionic nature, diverse photophysical properties, and unique solubility. For instance, many ionic organic dyes have been ultilized as chemosensors in living systems because of their excellent photophysical properties, appreciable water solubility, and biocompatibility.36,37 Ionic transition metal complexes have been employed as emitters in light-emitting electrochemical cells.38 Ionic luminescent compounds are often overlooked in OLED applications, owing to their poor photoluminescence/electroluminescence (PL/EL) properties and inability to be processed via vacuum deposition. However, their intrinsic ionic nature and unique solubility may offer possibilities for developing multilayer solution-processed OLEDs. Recently, a few ionic TADF materials39–47 containing anion/cation moieties or D/A ion-pairs have revealed their potential for PL and EL applications. Nevertheless, it remains a formidable challenge to realize high-performance OLEDs based on ionic TADF emitters ( Supporting Information Table S8). Owing to its 3s23p3 valence shell, phosphorus favors valences ranging from 3 to 5 in organophosphorus compounds. The lone-pair electrons can make trivalent phosphorus atoms act as a donor in organophosphorus molecules, but oxidation to pentavalent phosphine oxide or arylation/alkylation to tetravalent phosphonium cations drastically changes its properties to a typical electron acceptor. Compared with phosphine oxide, which has usually been employed as a weak electron-deficient unit to build n-type and ambipolar host materials for OLEDs,48,49 the phosphonium cation is a noticeably stronger electron acceptor,50,51 offering appealing opportunities to yield visible-light emitters with strong intramolecular charge-transfer (ICT) character. For example, Koshevoy and coworkers52,53 recently reported the unique PL behaviors in solvents of a series of D–π–A fluorophores containing phosphonium cation acceptors. Inspired by the intrinsic electron-deficient property of phosphonium cations, we have selected tetraphenylphosphonium cation as acceptor and designed two ionic TADF materials, namely DMAC-TPP[PF6] and 2DMAC-TPP[PF6] (Figure 1a). These emitters exhibit efficient TADF in doped films with high photoluminescence quantum yields (PLQYs) and short emission lifetimes. Partially solution-processed OLEDs based on these emitters achieve high external quantum efficiencies (EQEs) with only minor efficiency roll-off, demonstrating the high potential of phosphonium cation electron acceptors for the construction of high-performance ionic TADF materials. Figure 1 | (a) Chemical structures; (b) frontier orbital distributions (left: DMAC-TPP[PF6]; right: DMAC-TPP[PF6]); (c) crystal structure (DMAC-TPP[PF6]). Download figure Download PowerPoint Results and Discussion The electronic properties of these compounds were investigated by density functional theory (DFT) and time-dependent DFT (TD-DFT) calculations at the M06-2X/6-311G(d,p) level. As shown in Figure 1b, each compound shows spatially separated frontier molecular orbitals, with the HOMO predominantly distributed over the acridinyl unit and the LUMO mainly located on the remainder of the molecule. The TD-DFT calculations predict that the S1 and T1 states are characterized by HOMO–LUMO ICT transitions Supporting Information Figure S1, with S1–T1 energy difference (ΔEST) of 0.07 eV for DMAC-TPP[PF6] and 0.01 eV for 2DMAC-TPP[PF6], respectively. Owing to the symmetrical molecular structure, the excited states of 2DMAC-TPP[PF6] appear in pairs degenerately (S1/S2, T1/T2, T3/T4, etc.). The calculated energy levels of excited states and spin–orbit coupling (SOC) constants are summarized in Supporting Information Table S1. For 2DMAC-TPP[PF6], the total SOC between S1/S2 and T1/T2 states which have dominant CT exciton characters was calculated to be 0.145 cm−1, while the calculated SOC between S1/S2 and higher-lying triplet states, namely T3/T4 and T5/T6, reach up to 3.807 and 4.021 cm−1, respectively. The same situation exists in the case of DMAC-TPP[PF6] with SOCS1–T1, SOCS1–T2, and SOCS1–T3 of 0.270, 1.946, and 1.171 cm−1, respectively. The first-order mixing coefficient between singlet and triplet states is proportional to their spin–orbit interaction and inversely proportional to the energy gap between them.2 Considering the large energy gaps (over 0.5 eV) between the higher-lying triplet states and S1 states, we speculate that the small ΔEST rather than the higher-lying triplet states play a key role in spin-flip conversion between the S1 and T1 states. These tetraarylphosphonium salts were synthesized in high yields via nickel-catalyzed coupling reactions52,54 between triarylphosphines and aryl bromides and the subsequent anion-exchange reactions (see Supporting Information for details). These compounds are quite air stable in the solid state as well as in solution. The powders survive in ambient conditions without decomposition over at least several months. As depicted in Supporting Information Figure S2, DMAC-TPP[PF6] and 2DMAC-TPP[PF6] show excellent thermal stability with high decomposition temperatures (Td, 5% weight loss) of 399 and 394 °C, respectively. Atomic-force microscopy (AFM) images ( Supporting Information Figure S3) reveal that the spin-coated doped films of these materials (30 wt % in PYD2, the same as the OLED-emitting layers) show fairly smooth surfaces with small root-mean-square surface roughness (Rq) values of 0.246 and 0.256 nm for DMAC-TPP[PF6] and 2DMAC-TPP[PF6], respectively. The excellent thermal stability and high-quality film morphologies support EL device fabrication via solution processes. The crystal structure of DMAC-TPP[PF6] (Figure 1c) reveals that the phosphorus atom (sp3-hybridization) adopts tetrahedral geometry with tetrahedral angles of approximately 109°. The cationic moiety exhibits nearly perpendicular D–A linkage with a dihedral angle of 81.4°, which can result in spatially well-separated frontier molecular orbitals and small ΔEST. Moreover, there exist significant intramolecular (Figure 1c) and intermolecular interactions ( Supporting Information Figure S4) in the lattice, which are expected not only to suppress nonradiative deactivation by rigidifying molecular conformation but also to facilitate the formation of high-quality thin films.55,56 The photophysical properties of these emitters were investigated in dichloromethane and 30 wt %-doped polymethyl methacrylate (PMMA) films. Both compounds exhibit similar absorption profiles, composed of two types of absorption bands (Figure 2a). The intense absorptions below 370 nm are assigned to the π–π* transition originating from the donor moieties while the much weaker absorption bands between 370 and 460 nm are attributed to the ICT transitions from the DMAC donor(s) to the tetraphenylphosphonium acceptor. From the onset of absorption spectra ( Supporting Information Figure S5), optical bandgaps (Eg) were calculated to be 2.76 and 2.74 eV for DMAC-TPP[PF6] and 2DMAC-TPP[PF6], respectively. The increased number of donors results in slightly red-shifted absorption bands. These compounds exhibit strong yellow emission (λmax = 563 and 567 nm, respectively) in degassed dichloromethane at room temperature. The broad and structureless PL spectra as well as their solvent-polarity-dependent behaviors ( Supporting Information Figure S14 and Table S4) confirm CT characteristics of the emissive states. The transient PL decay curves of the investigated emitters in dichloromethane before and after Ar bubbling were compared to verify the involvement of triplet states in the light-emitting process (Figure 2b). A conspicuous delayed decay with significantly increased intensity was observed after 15 min of Ar bubbling to remove dissolving oxygen which can quench the triplet excited states of emitters. This behavior clearly confirms the contribution of triplet states to the fluorescence processes. Remarkably, the delayed decay components of DMAC-TPP[PF6] and 2DMAC-TPP[PF6] in degassed dichloromethane were fitted with ultrashort single-exponential lifetimes of 600 and 549 ns ( Supporting Information Figures S9 and S10), respectively. Figure 2 | (a) Absorption and PL spectra measured in dichloromethane (c = 2 × 10−5 M) at room temperature; (b) transient PL decay curves in dichloromethane (c = 2 × 10−5 M) before/after Ar bubbling for 15 min at room temperature; (c) transient PL decay curves of 2DMAC-TPP[PF6] in 30 wt %-doped PMMA film at different temperatures; (d) time-resolved PL spectra in the 30 wt %-doped PMMA films at 77 K. Fluo.: fluorescence; Phos.: phosphorescence. The PL measurements were excited at 335 nm. Download figure Download PowerPoint The 30 wt %-doped PMMA films of DMAC-TPP[PF6] and 2DMAC-TPP[PF6] display bluish-green PL with emission maxima of 511 and 514 nm ( Supporting Information Figure S11 and Table 1) and PLQYs of 0.75 and 0.91, respectively. Compared with those recorded in dilute solution, for example, in dichloromethane, ethanol, and acetonitrile ( Supporting Information Figure S14 and Table S4), the PL spectra in 30 wt %-doped PMMA films significantly blue-shift. This behavior probably originates from two contributions. First, the solvation effect on the CT-excited states is considerably weakened in the doped nonpolar polymer films. Second, in the more rigid environment of the polymer films, intramolecular rotations and excited-state distortions are effectively restricted, thereby decreasing the vertical transition energies from the emissive ICT states (S1) to ground state (S0), resulting in significantly blue-shifted PL spectrum maxima. As shown in Figure 2c and Supporting Information Figure S12, temperature dependence of transient PL decay reveals that the intensity ratio of delayed fluorescence to prompt fluorescence increased when temperature was increased from 77 to 300 K. At ambient temperature (300 K), the observed emission originates from the S1 state, which is significantly populated via thermally-activated upconversion from the energetically lower-lying T1 state, demonstrating the TADF process. From onsets of the time-resolved PL spectra (fluorescence and phosphorescence spectra) taken at 77 K (Figure 2d and Supporting Information Figure S6), S1 and T1 energies and ΔEST are estimated to be 2.88, 2.82, and 0.06 eV for DMAC-TPP[PF6] and 2.86, 2.81, and 0.05 eV for 2DMAC-TPP[PF6], respectively. Such small ΔEST values would facilitate rapid upconversion of excitons from T1 to S1 through RISC process.57 At 300 K, the prompt fluorescence lifetimes (τPF) and delayed fluorescence lifetimes (τDF) were measured to be 16.6 ns and 1.67 μs for DMAC-TPP[PF6], and 18.2 ns and 1.43 μs for 2DMAC-TPP[PF6], respectively (see Supporting Information for detailed decay-curve fitting). The emission lifetimes are as short as those of representative phosphorescence Ir(III) complexes.58,59 Based on the PLQY and lifetime data, rate constants of the key photophysical processes were estimated using a previously reported method derived by Tsuchiya et al.60 (see Supporting Information for details). The radiative decay rate constants ( k r S ) from S1 to S0 are nearly the same and exceed 1.7 × 107 s−1 for both compounds, which are much higher than corresponding nonradiative rate constants ( k nr S ) (5.80 × 106 and 1.69 × 106 s−1 for DMAC-TPP[PF6] and 2DMAC-TPP[PF6], respectively). The ISC process of each compound (kISC = 2.75 × 107 s−1 for DMAC-TPP[PF6] and kISC = 3.51 × 107 s−1 for 2DMAC-TPP[PF6]) is much faster than its competitive processes, namely the radiative and nonradiative transition of the S1 state, implying that the initially generated singlet excitons in these compounds are significantly transformed to triplet excitons. Notably, the rate constants of RISC (kRISC) of DMAC-TPP[PF6] and 2DMAC-TPP[PF6] reach up to 1.55 × 106 and 2.05 × 106 s−1, respectively. Fast radiative transition together with fast RISC of these emitters result in efficient utilization of excitons and short exciton lifetimes.61 Table 1 | Photophysical Data of the Invesigated Compounds in 30 wt %-Doped PMMA Films at 300 K Compound λPLa (nm) ΦPLb ΦPF/ΦDFc τPF/τDFd (ns/μs) ES1/ET1/ΔESTe (eV) k r S / k nr S f (106 s−1) kISC/kRISCg (106 s−1) DMAC-TPP[PF6] 511 0.75 0.29/0.46 16.6/1.67 2.88/2.82/0.06 17.5/5.80 27.5/1.55 2DMAC-TPP[PF6] 514 0.91 0.31/0.60 18.2/1.43 2.86/2.81/0.05 17.0/1.69 35.1/2.05 aThe wavelength at PL maximum (excited at 335 nm). bOverall PLQY. cΦPF and ΦDF are the quantum yields of prompt fluorescence and delayed fluorescence, respectively. dτPF and τDF are the lifetimes of prompt fluorescence and delayed fluorescence, respectively. eEnergy levels of S1 and T1 state were estimated from the onsets of time-resolved PL spectra at 77 K ( Supporting Information Figure S6). f k r S and k nr S represent the radiative and nonradiative rate constants of S1 states, respectively. gkISC and kRISC refer to the rate constants of intersystem crossing (ISC) and reverse ISC, respectively. The film thickness of samples was 100 nm. To evaluate EL properties of these emitters, partially solution-processed OLEDs were fabricated with a device structure of indium tin oxide (ITO)│poly(3,4-ethylenedioxythiophene):poly(styrenesulfonate) (PEDOT:PSS) (30 nm)│poly[(9,9-dioctylfluorenyl-2,7-diyl)-co-(4,4′-(N-(4-sec-butylphenyl) diphenylamine)] (TFB) (10 nm)│PYD2: emitter (7:3, 40 nm)/m4PO (8 nm)│TPBi (45 nm)│LiF (1 nm)│Al (100 nm) (Figure 3a), where PEDOT:PSS, TFB, m4PO,62 TPBi, and LiF, act as the hole-injection, hole-transporting, hole-blocking, electron-transporting, and electron-injection layers, respectively ( Supporting Information Figure S16). PYD263 was selected as a host material due to its high triplet energy (T1 = 2.93 eV), which is conducive to confining triplet excitons of the investigated greenish-blue emitters (T1 = 2.81–2.82 eV), and due to its proper HOMO and LUMO energies (EHOMO/ELUMO = −5.7 eV/−2.3 eV) which fit the corresponding values of the emitters and adjacent layers for effective carrier transporting. The host–guest ratio was optimized ( Supporting Information Table S7 and Figures S17–S18). The results show that 30 wt % doped devices achieved the best device performance with efficient host to guest energy transfer. The HOMO and LUMO levels of DMAC-TPP[PF6] and 2DMAC-TPP[PF6] were estimated from the oxidation potentials and optical bandgaps ( Supporting Information Figures S15 and Tables S6). EL performances are shown in Figure 3b–d and Table 2. Figure 3 | (a) Energy-level diagram of the OLEDs; (b) current density–voltage–luminance characteristics; (c) EL spectra at various voltages; (d) EQE, current efficiency (CE) and power efficiency (PE) versus luminance characteristics. Download figure Download PowerPoint Table 2 | Summary of Device Performances Device (30 wt %-Doped) λELa (nm) Vonb (V) Lmaxc (cd/m2) EQEd (%) CEe (cd/A) PEf (lm/W) CIE1931g (x, y) DMAC-TPP[PF6] 508 5.0 9496 15.3/13.6/9.9 42.7/37.9/27.6 19.2/10.6/6.0 (0.25, 0.47) 2DMAC-TPP[PF6] 512 4.7 14532 18.3/17.0/13.2 53.4/49.5/38.5 26.0/15.2/9.3 (0.27, 0.49) aThe wavelength at EL maximum (recorded at 12 V). bTurn-on voltage at 1 cd/m2. cMaximum luminance. dEQE maximum value, value at 1000 cd/m2 and value at 5000 cd/m2. eCE maximum value, value at 1000 cd/m2, and value at 5000 cd/m2. fPE maximum value, value at 1000 cd/m2, and value at 5000 cd/m2. gCIE coordinates measured at 12 V. The 30 wt %-doped OLEDs employing DMAC-TPP[PF6] and 2DMAC-TPP[PF6] turned on at approximately 4.7 and 5.0 V, and exhibited bluish-green EL with emission maxima of 508 nm [Commission Internatinale de L'Eclairage (CIE) = 0.25, 0.47] and 512 nm (CIE = 0.27, 0.49), respectively. It is particularly worth mentioning that these devices exhibited perfect emission-color stability over a wide range of operating voltages (Figure 3c). The DMAC-TPP[PF6]- and 2DMAC-TPP[PF6]-based devices showed maximum EQEs of 15.3% and 18.3% and peak luminances of 9496 and 14532 cd/m2, respectively. The DMAC-TPP[PF6]-based device exhibits efficiency roll-offs of 11.1% (EQE = 13.6%) and 35.3% (EQE = 9.9%) at luminances of 1000 and 5000 cd/m2, respectively. Notably, the 2DMAC-TPP[PF6]-based device reached the maximum EQE at a luminance of 117 cd/m2 and showed low efficiency roll-offs of 7.1% (EQE = 17.0%) and 27.9% (EQE = 13.2%) at practical high luminances of 1000 and 5000 cd/m2, respectively. These device efficiencies and efficiency roll-offs represent the best device performance of ionic-TADF-emitter-based OLEDs hitherto and are comparable with those state-of-the-art partially solution-processed OLEDs based on neutral TADF emitters ( Supporting Information Table S8). The small efficiency roll-offs obtained at high luminances can mainly be attributed to the short-lived TADF emitters, which can alleviate the exciton annihilation in the emitting layers. Conclusion Tetraphenylphosphonium cation has been used as the electron acceptor to construct highly efficient ionic TADF emitters with D–A+ and D–A+–D architectures. These ionic TADF emitters, namely DMAC-TPP[PF6] and 2DMAC-TPP[PF6], show high PLQYs of 0.75 and 0.91 and short decay fluorescence lifetimes of 1.67 and 1.43 μs in doped films, respectively. High EL performance has been achieved in partially solution-processed OLEDs. 2DMAC-TPP[PF6]-based device realized EQEmax of 18.3% and peak luminance of 14532 cd/m2. More importantly, the EQE values remain high with only tiny efficiency roll-off even at practical high luminances. Our results suggest that cationic acceptors are a promising choice for the design of high-performance TADF materials and that this opens an for ionic TADF materials. Supporting Information Supporting Information is and detailed and photophysical properties, of rate (see the Data at device fabrication and device performance and of is of to Information This was as a result of a from the Key Research of the Chinese Academy of the Science of the Science of Fujian the Fujian Science and Technology Innovation Laboratory for Optoelectronic Information of and the Innovation of Xiamen and and the Research of Xiamen of a State and for Organic 2. Organic Light-Emitting Diodes from Delayed Thermally Activated Delayed Fluorescence for Organic Light-Emitting in Organic Light-Emitting of in Organic Light-Emitting Diodes with Thermally Activated Delayed in Organic Light-Emitting Thermally Activated Delayed Fluorescence Emitters with for Thermally Activated Delayed Fluorescence an Tsuchiya Delayed Fluorescence for OLEDs with and in Organic for Delayed Chen of for in Organic with and Zhang Chen Lin and Organic from Emitters Fast of TADF Emitters for Fast TADF-OLEDs with K. of Organic Thermally Activated Delayed Fluorescence"
2022,2022-06-24,ChemRxiv,Ionic Multi-Resonant Thermally Activated Delayed Fluorescence Emitters for Light Emitting Electrochemical Cells,10.26434/chemrxiv-2022-n35w9-v3,Merve Karaman; Abhishek Kumar Gupta; Subeesh Madayanad Suresh; Tomas Matulaitis; David Hall; Lorenzo Mardegan; Daniel Tordera; Henk J. Bolink; Sen Wu; Stuart L. Warriner; Ifor D. W. Samuel; Eli Zysman‐Colman,https://doi.org/10.26434/chemrxiv-2022-n35w9-v3,OpenAlex,TADF LEEC; TADF light emitting electrochemical cell; TADF light-emitting electrochemical cell; cationic thermally activated delayed fluorescence; charged thermally activated delayed fluorescence; imidazolium TADF; ionic TADF; ionic emitter TADF; ionic thermally activated delayed fluorescence; pyridinium TADF,"We designed and synthesized two new ionic thermally activated delayed fluorescent (TADF) emitters that are charged analogues of a known multiresonant TADF (MR-TADF) compound, DiKTa. The emission of the charged derivatives is red-shifted compared to the parent com-pound. For instance, DiKTa-OBuIm emits in the green (λPL = 499 nm, 1 wt% in mCP) while DiKTa-DPA-OBuIm emits in the red (λPL = 577 nm, 1 wt% in mCP). In 1 wt% mCP films, both emitters showed good photoluminescence quantum yields of 71% and 61%, and delayed life-times of 316.6 μs and 241.7 μs, respectively, for DiKTa-OBuIm and DiKTa-DPA-OBuIm, leading to reverse intersystem crossing rates of 2.85 × 103 s-1 and 3.04 × 103 s-1. Light-emitting electrochemical cells were prepared using both DiKTa-OBuIm and DiKTa-DPA-OBuIm as ac-tive emitters showing green (λmax = 534 nm) and red (λmax = 656 nm) emission, respectively."
2022,2022-06-22,ACS Applied Materials & Interfaces,Quadruple Anticounterfeiting Encryption: Anion-Modulated Forward and Reverse Excitation-Dependent Multicolor Afterglow in Two-Component Ionic Crystals,10.1021/acsami.2c08379,Guowei David Xiao; Yu‐Juan Ma; Xiaoyu Fang; Dongpeng Yan,https://doi.org/10.1021/acsami.2c08379,OpenAlex,ionic TADF; ionic emitter TADF; ionic thermally activated delayed fluorescence,"Molecule-based afterglow materials with ultralong-lived excited states have attracted great attention owing to their unique applications in light-emitting devices, information storage, and anticounterfeiting. Herein, a series of new types of two-component ionic crystalline materials were fabricated by the self-assembly of cytosine and different anions under ambient conditions. The multiple intermolecular interactions of cytosine with phosphate and halogens anions can lead to abundant energy levels and different crystal stacking modes to control molecular aggregation and excited-state intermolecular proton transfer (ESIPT) process. Interestingly, H-aggregation-induced green to yellow room-temperature phosphorescence (RTP) and ESIPT-dominated cyan RTP to deep blue thermally activated delayed fluorescence (TADF) emission can be generated by tuning excitation wavelength, time evolution, and temperature. Furthermore, the combination of two-component ionic crystals can be used as multicolored candidates for quadruple information encryption. Therefore, this work not only develops an anion-modulated strategy to achieve color-tunable afterglow from both static and dynamic fashions but also provides a guideline for designing forward/reverse excitation-dependent luminescent materials."
2022,2022-04-22,Dyes and Pigments,Purely organic pyridium-based materials with thermally activated delayed fluorescence for orange-red light-emitting electrochemical cells,10.1016/j.dyepig.2022.110346,Hsiang‐Ling Shen; Pei-Wan Hsiao; Rong‐Huei Yi; Yi-Hua Su; Yin Chen; Chin‐Wei Lu; Hai‐Ching Su,https://doi.org/10.1016/j.dyepig.2022.110346,OpenAlex,TADF LEC; TADF light emitting electrochemical cell; TADF light-emitting electrochemical cell; ionic TADF; ionic emitter TADF; ionic thermally activated delayed fluorescence,
2022,2022-04-07,ACS Applied Materials & Interfaces,Achieving Record Efficiency and Luminance for TADF Light-Emitting Electrochemical Cells by Dopant Engineering,10.1021/acsami.2c00286,Jinchang Ye; Ying He; Kuofei Li; Lihui Liu; Chunying Xi; Zhenbang Liu; Yingming Ma; Baohua Zhang; Yu Bao; Wei Wang; Yanxiang Cheng; Li Niu,https://doi.org/10.1021/acsami.2c00286,Crossref; OpenAlex,TADF LEC; TADF LEEC; TADF light emitting electrochemical cell; TADF light-emitting electrochemical cell; ammonium TADF; counterion TADF; imidazolium TADF; phosphonium TADF; pyridinium TADF,"Thermally activated delayed fluorescence (TADF) light-emitting electrochemical cells (TADF-LECs) are appealing due to their simple sandwich structure and potential applications in wearable displays and sensors. However, achieving high performance remains challenging. In this paper, we demonstrate that the use of TADF emitters with a low aggregated-caused quenching (ACQ) tendency is crucial to address this challenge. To verify it, two types of TADF-LECs are compared in parallel using different kinds of TADF emitters. The control device uses 2,4,5,6-tetra(9 H -carbazol-9-yl)isophthalonitrile (4CzIPN) as the dopant, which suffers from a serious ACQ issue and thus dramatically limits the doping concentrations of 4CzIPN in these TADF-LECs. At the best doping condition (0.5 wt %), insufficient host-to-dopant energy transfer (ET) does exist, thereby displaying very limited efficiency and luminance, i.e., 2.43% and 1483 cd m –2 . By contrast, the TADF-LECs using 3,6-di( tert -butyl)-1,8-di(4-(bis(4-( tert -butyl)phenyl)amino)phenyl)-9-(4-(4,6-diphenyl-1,3,5-triazin-2-yl) phenyl) carbazole (BPAPTC) can tolerate a much higher doping concentration because BPAPTC is a satisfactory TADF emitter featuring a low ACQ tendency. At the optimized doping condition of 18 wt %, the BPAPTC-based emissive layer possesses the best TADF property, including the longest τ DF (2646 ns), the largest r DF (69%), and the highest k RISC of 7.50 × 10 5 s –1 . Moreover, the corresponding TADF-LEC simultaneously displays the most efficient host-to-dopant ET. It thus achieves unprecedented performance, e.g., the highest external quantum efficiency (EQE max. ) of 7.6%, the highest luminance ( L max. ) of 3696 cd m –2, and an EQE of 7.01% at a practical high luminance of 1000 cd m –2 ."
2022,2022-01-01,RSC Advances,Thermally activated delayed fluorescence in luminescent cationic copper( i ) complexes,10.1039/d1ra08082b,Christian Sandoval‐Pauker; Mireya Santander‐Nelli; Paulina Dreyse,https://doi.org/10.1039/d1ra08082b,OpenAlex,TADF LEC; TADF light emitting electrochemical cell; TADF light-emitting electrochemical cell; cationic thermally activated delayed fluorescence; counterion TADF; ionic TADF; ionic emitter TADF; ionic thermally activated delayed fluorescence,Bibliographic review of cationic Cu( i ) complexes that undergo Thermally Activated Delayed Fluorescence (TADF). From the first findings found in the homoleptic and heteroleptic Cu( i )-TADF complexes to the use of this property in lighting devices.
2022,2022-01-01,cIRcle (University of British Columbia),"Photofunctional materials : photochromism, thermally activated delayed fluorescence and room temperature phosphorescence",10.14288/1.0389541,Zhen Yuan Xu,https://doi.org/10.14288/1.0389541,OpenAlex,counterion TADF; pyridinium TADF,"Novel photofunctional molecules have been designed, synthesized and characterized. Their interactions with light are categorized into three types: photochromism, thermally activated delayed fluorescence (TADF) and room temperature phosphorescence (RTP). It is shown in this thesis that these properties can be tuned and manipulated by rational molecular design. A series of Cu(I) complexes bearing dithienylethene backbones show tunable photoreaction quantum yield by altering the ancillary ligand while a phosphine-oxide containing organic compound synthesized from one of the Cu(I) precursors is found to exhibit turn-on aggregation-induced emission. Their photochemical and photophysical properties are analyzed by UV-Vis and photoluminescence spectroscopy in addition to computational simulations. Using simple synthetic modifications such as oxidation and methylation, three structurally similar quinolinium-containing diarylethene compounds give rise to various photochemical and photophysical properties including turn-on fluorescence, red-green-blue emission switching and RTP, respectively. UV-Vis and photoluminescence spectroscopy as well as lifetime measurements are employed to study these properties. Potential applications in cellular imaging and super-resolution imaging are demonstrated. Pyridinium and quinolinium salts are designed to show TADF and RTP in the solid state with different counter anions. An iodide compound only shows low-temperature phosphorescence and bromide salts are found to exhibit TADF with RTP contributions and. However, compounds with other anions only display RTP. By using steady-state and time-resolved photoluminescence spectroscopy at variable temperatures, these properties are probed in depth. Three sulfur-bridged carbazole compounds were synthesized, to gain an understanding of electronic effects on RTP. The oxidation state at the sulfur center can be changed to modulate the phosphorescence efficiency in the solid state, in addition to fluorescence properties in the solution state."
2022,2022-01-01,Journal of Materials Chemistry C,Indeno-anthraquinone hosts with thermally activated delayed fluorescence for deep-red OLEDs,10.1039/d1tc04962c,Chen Yin; Ruihuan Liu; Dongdong Zhang; Lian Duan,https://doi.org/10.1039/d1tc04962c,OpenAlex,cationic thermally activated delayed fluorescence; ionic TADF; ionic emitter TADF; ionic thermally activated delayed fluorescence,High efficiency and reduced efficiency roll-off were realized for a cationic iridium complex with deep-red emission based on an indeno-anthraquinone host endowing thermally activated delayed fluorescence.
2021,2021-12-16,Advanced Functional Materials,"Intrinsically Ionic, Thermally Activated Delayed Fluorescent Materials for Efficient, Bright, and Stable Light‐Emitting Electrochemical Cells",10.1002/adfm.202110623,Renyou Yu; Yongjun Song; Ke Zhang; Xianchun Pang; Mingxing Tian; Lei He,https://doi.org/10.1002/adfm.202110623,OpenAlex,TADF LEC; TADF light emitting electrochemical cell; TADF light-emitting electrochemical cell; cationic thermally activated delayed fluorescence; ionic TADF; ionic emitter TADF; ionic thermally activated delayed fluorescence,"Abstract Solid‐state light‐emitting electrochemical cells (LECs) using sustainable and eco‐friendly materials and affording high brightness, efficiency, and stability are highly desired. Here, intrinsically ionic, thermally activated delayed fluorescence (TADF) materials 1–3 for efficient, bright, and stable LECs are reported. 1–3 feature carbazole‐type donors and cationic triazine‐type acceptors, which are located ortho to each other on the phenyl linkers. Through‐space charge‐transfer (CT) dominates the CT transitions in 1–3. In doped and neat films, 1–3 show blue and green TADF emission, respectively, with reverse intersystem crossing rates at around 7.0 × 105 s−1. 1–3 possess excellent electrochemical stability (except for the oxidation of 1) and film‐forming abilities. LECs using neat films of 1–3 as the single active layers afford green electroluminescence with peak brightness/peak external quantum efficiency (EQE) of up to 572 cd m−2/6.8% under 4.0 V and peak brightness/peak EQE/half‐lifetime of up to 860 cd m−2/5.4%/48 h under 50 A m−2. A longer half‐lifetime of 218 h has further been achieved at 162 cd m−2 under 10 A m−2. The work reveals the bright prospect for the development of efficient, bright, and stable LECs with intrinsically‐ionic TADF materials."
2021,2021-10-12,Journal of Materials Chemistry C,TADF: Enabling luminescent copper( i ) coordination compounds for light-emitting electrochemical cells,10.1039/d1tc04028f,Catherine E. Housecroft; Edwin C. Constable,https://doi.org/10.1039/d1tc04028f,Crossref; OpenAlex,TADF LEC; TADF LEEC; TADF light emitting electrochemical cell; TADF light-emitting electrochemical cell; ammonium TADF; cationic thermally activated delayed fluorescence; counterion TADF; imidazolium TADF; ionic TADF; ionic emitter TADF; ionic thermally activated delayed fluorescence; phosphonium TADF; pyridinium TADF,"π-stacking interactions and other inter-ligand interactions, which may impact on photoluminescence quantum yields. Where emissive Cu-iTMCs have been tested in LECs, we detail the device architectures, and this emphasizes differences which make it difficult to compare LEC performances from different investigations."
2021,2021-07-05,Advanced Optical Materials,Sandwich‐Like Encapsulation of a Highly Luminescent Copper(I) Complex,10.1002/adom.202100516,Marián Matejdes; Matthias Stöter; Rafał Czerwieniec; Markus J. Leitl; Sabine Rosenfeldt; Thorsten Schumacher; Jonas Albert; Markus Lippitz; Hartmut Yersin; Josef Breu,https://doi.org/10.1002/adom.202100516,OpenAlex,TADF LEEC; TADF light emitting electrochemical cell; TADF light-emitting electrochemical cell; cationic thermally activated delayed fluorescence; charged thermally activated delayed fluorescence; ionic TADF; ionic emitter TADF; ionic thermally activated delayed fluorescence,"Abstract A small molecular weight cationic copper(I) complex showing high luminescence quantum yield based on a thermally activated delayed fluorescence mechanism is immobilized between two 1 nm thin silicate layers. Partial ion exchange of the emitter into a synthetic layered silicate (fluorohectorite) yields an ordered heterostructure with two types of strictly alternating interlayers: a monolayer of the cationic emitter and a monolayer of hydrated Na+ cations. Osmotic swelling of the latter produces dispersions of double‐stacks in which the emitter monolayer is encapsulated between two silicate layers. The electrostatic attraction of the emitter interlayer with the oppositely charged silicate layers exerts electrostatic pressure on the emitter. Compared to crystalline salt, rigid confinement for the encapsulated emitter provides improved thermal stability and increased emission quantum yield at ambient temperature. The suspension of delaminated, micrometer‐sized double‐stacks of 3.9 nm thickness allows for easy solution processing of low‐cost optoelectronic devices, such as light‐emitting electrochemical cells and organic light‐emitting diodes."
2021,2021-01-29,,Development of new cationic copper (l) complexes for white light-emitting electrochemical cells,10.70675/e349294az612bz4a1fza4c1z750cde5f2e60,Gilbert Umuhire Mahoro,https://doi.org/10.70675/e349294az612bz4a1fza4c1z750cde5f2e60,OpenAlex,TADF LEC; TADF light emitting electrochemical cell; TADF light-emitting electrochemical cell; counterion TADF; ionic TADF; ionic emitter TADF; phosphonium TADF; pyridinium TADF,"Développement de nouveaux complexes cationiques du cuivre pour l'élaboration de cellules électroluminescentes blanches De nouveaux complexes de cuivre(I) cationiques de formule générale [Cu(P^P)(N^N)][PF6] où P^P représente un ligand bis-phosphine chélatant, bis-[2- (diphenylphosphino)phenyl]ether (DPEPhos) et N^N, des ligands 2,2-bis-pyridyls ont été développés. Les complexes ont montré des émissions à l’état solide couvrant tout le spectre du visible et la présence de la fluorescence retardée activée thermiquement (TADF) a été démontrée. Ces complexes ont été évaluées dans des cellules électrochimiques luminescentes (LECs) et ont conduit aux LECs émettant dans de différentes couleurs, i.e., bleue, verte, jaune, orange, rouge, et enfin des LECs blanches."
2021,2021-01-21,CCS Chemistry,"Highly Efficient Blue Organic Light-Emitting Diode Based on a Pyrene[4,5- d ]Imidazole-Pyrene Molecule",10.31635/ccschem.021.202000627,Yulong Liu; Xiaxia Man; Qing Bai; Hui Liu; Pengyuan Liu; Ying Fu; Dehua Hu; Ping Lü; Yuguang Ma,https://doi.org/10.31635/ccschem.021.202000627,OpenAlex,TADF light emitting electrochemical cell; TADF light-emitting electrochemical cell; ammonium TADF,"Open AccessCCS ChemistryRESEARCH ARTICLE1 Jan 2022Highly Efficient Blue Organic Light-Emitting Diode Based on a Pyrene[4,5-d]Imidazole-Pyrene Molecule Yulong Liu†, Xiaxia Man†, Qing Bai, Hui Liu, Pengyuan Liu, Ying Fu, Dehua Hu, Ping Lu and Yuguang Ma Yulong Liu† State Key Laboratory of Supramolecular Structure and Materials, Department of Chemistry, Jilin University, Changchun 130012 Department of Chemistry, College of Arts and Sciences, Northeast Agricultural University, Harbin 150030 , Xiaxia Man† State Key Laboratory of Supramolecular Structure and Materials, Department of Chemistry, Jilin University, Changchun 130012 The First Hospital of Jilin University, Changchun 130021 , Qing Bai State Key Laboratory of Supramolecular Structure and Materials, Department of Chemistry, Jilin University, Changchun 130012 , Hui Liu State Key Laboratory of Supramolecular Structure and Materials, Department of Chemistry, Jilin University, Changchun 130012 , Pengyuan Liu State Key Laboratory of Supramolecular Structure and Materials, Department of Chemistry, Jilin University, Changchun 130012 , Ying Fu Department of Chemistry, College of Arts and Sciences, Northeast Agricultural University, Harbin 150030 , Dehua Hu Institute of Polymer Optoelectronic Materials and Devices, State Key Laboratory of Luminescent Materials and Devices, South China University of Technology, Guangzhou 510640 , Ping Lu *Corresponding author: E-mail Address: [email protected] State Key Laboratory of Supramolecular Structure and Materials, Department of Chemistry, Jilin University, Changchun 130012 and Yuguang Ma Institute of Polymer Optoelectronic Materials and Devices, State Key Laboratory of Luminescent Materials and Devices, South China University of Technology, Guangzhou 510640 https://doi.org/10.31635/ccschem.021.202000627 SectionsSupplemental MaterialAboutAbstractPDF ToolsAdd to favoritesDownload CitationsTrack Citations ShareFacebookTwitterLinked InEmail Organic light-emitting diodes (OLEDs), which have been recently utilized in some flat-panel display screens such as mobile phones and televisions, show many merits, including light weight, high flexibility, energy preservation, and so forth, and are considered the next-generation displays and solid-state lightings. Blue-emitting materials that can be applied in nondoped OLEDs with little efficiency roll-offs at high brightness are of great importance. Here, a highly efficient, blue-emitting material, 9-phenyl-10-(4-(pyren-1-yl)phenyl)-9H-pyreno[4,5-d]imidazole (PyPI-Py), is achieved using pyrene[4,5-d]imidazole and pyrene as the weak electron donor and electron acceptor, respectively. The nondoped blue OLED exhibits excellent performance with a maximum brightness of 75,687 cd m−2, a maximum current efficiency of 13.38 cd A−1, and a maximum external quantum efficiency (ηext) of 8.52%. Moreover, the ηext is maintained at 8.35% and 8.05% at a brightness of 10,000 and 50,000 cd m−2, respectively, displaying extremely small efficiency roll-offs of 2.0% and 5.5%. The device characteristics are among the highest values for nondoped blue OLEDs and correspond to the best performance obtained for nondoped pyrene-based blue OLEDs. The superior performance is attributed to the proper donor–acceptor design strategy which results in a quasi-equivalent hybrid local and charge-transfer excited state with the maximum generation of an 82% fraction of singlet excitons. Download figure Download PowerPoint Introduction Pyrene, consisting of four fused benzene rings, is one of the most widely investigated polycyclic aromatic hydrocarbons in recent decades.1,2 The rigid planar structure and flat π-system of the pyrene-based component results in favorable π-electron flow, flexible self-assembly, and excellent photoelectric properties, such as bright emission, efficient excimer formation, and special-stacking topological configuration.3–7 Pyrene-based materials have been widely applied as biological probes and fluorescent sensors because of their tunable fluorescence in response to environmental alteration.8–10 Pyrene[4,5-d]imidazole-based organic dyes are also suitable in the applications of dye-sensitized solar cells owing to their rigid structure.11,12 In recent years, there has been increasing interest for developing pyrene as a semiconductor in optoelectronics.1,2,13–17 Organic light-emitting diodes (OLEDs) have greatly progressed in the past decades and shown potential as the next-generation flat-panel displays and solid-state lightings.18–20 Because of excellent thermal stability, efficient blue light emission, and high mobility of charge carrier, pyrene has emerged as a very appealing chromophore for blue OLEDs, which are urgently needed for full-color displays.21–25 External quantum efficiency (ηext) is a crucial parameter for the characterization of OLED performance. The theoretical value of ηext can be calculated by the following equation: η ext = η r × η out × η PL × γ where ηr is the exciton utilization efficiency (EUE), ηout represents the light extraction efficiency (20–30%),26 ηPL stands for the intrinsic photoluminescence (PL) quantum efficiency in film, and γ is the holes-electrons recombination efficiency (ideally 100%).27 Although the rigid architecture of pyrene allows for the formation of face-to-face π–π stacking and enhanced charge migration, the strong tendency toward excimers generation will substantially quench the fluorescence in the solid state to a certain extent, yielding a relatively low ηPL and further limiting the ηext of the resulting device.28,29 Thus, in prior studies, OLEDs of pyrene derivatives are mostly fabricated by doping technology aiming to achieve high efficiency in OLEDs to avoid the fluorescence-quenching effect in the aggregated state.30–32 To improve the performance in nondoped OLEDs, rational modifications of the pyrene structure at various positions were extensively investigated as well to adjust the π–π stacking of pyrene-based molecules, thereby reducing their aggregation tendency in condensed media and fine-tuning the optical properties. For example, Cheng et al.33 prepared a dipyrenylbenzene-containing compound with a twisted molecular structure, which led to a low extent of π–π stacking and a high ηPL of 75% in the film state. The nondoped blue-emitting OLED displayed a high ηext of 5.2% with Commission Internationale de l'Eclairage (CIE) coordinates of (0.15, 0.11) and a very high brightness of 40,400 cd m−2. Huang et al.34 prepared a dumbbell-shaped spirocyclic aromatic hydrocarbon, which realized a large pyrene–pyrene distance of up to 10.4 Å. Its nondoped OLED achieved a maximum current efficiency (CE) of 7.4 cd A−1 and a maximum ηext value of 4.6% with CIE coordinates of (0.16, 0.15). Chan et al.35 demonstrated an efficient blue OLED based on the solution-processable pyrene-1,3-alt-calix arene, which exhibited a record CE of 10.5 cd A−1 in the nondoped OLED, corresponding to a ηext value of 6.4% and CIE coordinates of (0.15, 0.24). Such results represent typical chromophores that are not inherently prone to aggregate. Recently, we have also reported a nondoped OLED based on pyrene[4,5-d]imidazole derivative N,N-diphenyl-4'-(9-phenyl-9H-pyreno(4,5-d)imidazol-10-yl)-(1,1'-biphenyl)-4-amine (PyPPA). with high ηPL of 45% in the solid state which obtained a maximum ηext of 8.47% with CIE coordinates of (0.14, 0.13).36 These previous studies have reported significant achievements in increasing the ηPL of solid-state pyrene derivatives. Furthermore, ηext values exceeding 5%, which is the theoretical upper limit for traditional fluorescent OLEDs have been successfully attained using pyrene-based materials. Exploiting a material's potential is a never-ending mission for a scientist. According to the expression for ηext, another important factor that must be considered in addition to the ηPL to achieve higher ηext is the ηr, which also refers to the EUE. The phosphorescent and thermally activated delayed fluorescent (TADF) materials represent the most investigated materials in recent years to realize high efficiency and brightness through efficacious triplet harvesting.37–40 However, they usually need to be doped into appropriate hosts, and the problem of severe efficiency roll-offs at high brightness in OLEDs remains unresolved. In recent years, materials with hybrid local and CT (HLCT) excited state were also well developed, which successfully achieved the merits of high ηPL and a high output of singlet excitons in a series of donor (D)–acceptor (A) materials.36,41–52 HLCT materials also show the potential to maintain stable ηext at high brightness. Thus, there is still room for further enhancement of the ηext of blue OLEDs and low efficiency roll-offs in pyrene-based D–A system. The electron-donating and -withdrawing strengths of D and A should be carefully considered when adopting a D–A design strategy for a blue light-emitting material because neither a strong D nor a strong A should be employed to avoid the variation of the emission region. In our previous works, imidazole was an ideal unit for blue-emitting materials owing to its high ηPL and bipolar transport characteristics.36,42–44,53–55 It tends to be a weak electron-withdrawing substituent when linked to a stronger D but acts as a weak electron donator otherwise.42,51 Pyrene[4,5-d]imidazole is thus chosen as the weak D and obtained by creating a melt of pyrene and imidazole. In contrast, pyrene is expected to play the role of a relatively weak A when connected to the pyrene[4,5-d]imidazole group. The corresponding D–π–A molecule, 9-phenyl-10-(4-(pyren-1-yl)phenyl)-9H-pyreno[4,5-d]imidazole (PyPI-Py), was constructed by linking the D (pyrene-imidazole) and A (pyrene) moieties via a phenyl bridge, which may improve the ηPL of the resulting molecule on the premise of guaranteeing the charge-transfer (CT) character. In this case, it is expected that the CT state between pyrene[4,5-d]imidazole and pyrene will increase the ratio of the singlet exciton, and the phenylene π bridge between the D of pyrene-imidazole and the A of pyrene will enhance the generation of the local excited (LE) state and increase the ηPL. As a result, PyPI-Py exhibits high quantum efficiencies in both solution (82% in hexane at 10−5 M) and the solid state (52% in neat film with thickness of 30 nm). Moreover, its single-crystal structure displays a twisted stacking mode, suggesting the efficient inhibition of an intense aggregation effect. The theoretical calculations indicate a typical HLCT character with an intensive intercrossed coupling of CT and LE states, and therefore leads to the predominant HLCT feature in the S1 → S0 transition, which is consistent with the recently proposed HLCT principle.36,48–51 The nondoped OLED based on PyPI-Py displays stable blue emission peaks at 475 nm with a CIE coordinate of (0.15, 0.22). A maximum CE of 13.38 cd A−1 and a maximum brightness of 75,687 cd m−2 are achieved. The highest ηext can reach 8.52%, corresponding to a maximum EUE as high as 82%, which is almost 3.2-fold higher than that of the model compound 9,10-diphenyl-9H-pyreno[4,5-d]imidazole (PyPI) without a pyrene unit. More importantly, for the nondoped blue device, ηext of 8.35% and 8.05% can still be reached even when the brightness is as high as 10,000 and 50,000 cd m−2, respectively, displaying extremely low efficiency roll-offs of 2.0% and 5.5%. The device characteristics are among the highest values reported to date for nondoped blue OLEDs based on the pyrene unit. Consequently, through the introduction of a pyrene unit onto the PyPI segment, the nature of the molecular excited state of the resulting PyPI-Py is changed ideally from a traditional LE state to a preponderant HLCT state, resulting in excellent device performance. Experimental Methods Synthesis of materials Synthesis of 4-pyren-1-yl-benzaldehyde 1-Bromopyrene (4.90 g, 17.4 mmol), (4-formylphenyl)boronic acid (2.25 g, 15.0 mmol), dry toluene (24.0 mL), and K2CO3 aqueous solution (16.0 mL, 2.0 mol L−1) were added to a reaction flask followed by Pd(PPh3)4 (1.05 g, 0.9 mmol). The mixture was refluxed at 90 °C under N2 atmosphere for 48 h. The resulting crude product was extracted with trichloromethane and further purified by column chromatography. The product was isolated as white powder (3.70 g, Yield: 80%). Proton nuclear magnetic resonance (1H NMR) [500 MHz, dimethyl sulfoxide (DMSO)-d6, 25 °C, δ]: 10.19 (s, 1H), 8.43 (d, J = 7.9 Hz, 1H), 8.38 (d, J = 7.6 Hz, 1H), 8.34 (d, J = 7.3 Hz, 1H), 8.28 (s, 2H), 8.23 (d, J = 9.3 Hz, 1H), 8.15 (dd, J = 10.0, 7.9 Hz, 3H), 8.13–8.08 (m, 2H), 7.91 (d, J = 8.1 Hz, 2H). Matrix-assisted laser desorption ionization time-of-flight (MALDI-TOF) (mass m/z): [M+] calcd for C23H14O, 306.36; found, 307.20. Synthesis of PyPI A mixture of pyrene-4,5-dione (0.50 g, 2.1 mmol), aniline (5.0 mL, 55.1 mmol), benzaldehyde (5.0 mL, 49.0 mmol), acetic acid (15.0 mL), and ammonium acetate (0.80 g, 10.5 mmol) was stirred for 2 h. When cooled down from 120 °C to room temperature, the mixture was subsequently filtered and flushed with a water/acetic acid mixture (3:1, 40.0 mL). Then, the crude product was further purified by column chromatography and sublimation to give white product (0.65 g, Yield: 78%). 1H NMR (500 MHz, DMSO-d6, δ) 8.95 (d, J = 7.0 Hz, 1H), 8.32 (d, J = 7.0 Hz, 1H), 8.24 (t, J = 8.6, 8.6 Hz, 1H), 8.21–8.17 (m, 3H), 7.83–7.79 (m, 2H), 7.79–7.71 (m, 4H), 7.69–7.65 (m, 2H), 7.43–7.36 (m, 3H), 7.32 (d, J = 7.4 Hz, 1H). Carbon nuclear magnetic resonance (13C NMR) (126 MHz, CDCl3, δ): 132.20, 131.69, 130.17, 129.87, 129.49, 129.22, 128.91, 128.28, 127.97, 127.58, 126.40, 125.29, 124.54, 124.29, 122.85, 122.46, 119.82, 117.98. MALDI-TOF (mass m/z): [M+] calcd for C29H18N2, 394.47; found, 395.32. Anal. Calcd (%) for C29H18N2: C, 88.30; H, 4.60; N, 7.10. Found: C, 88.37; H, 4.58; N, 7.04. Synthesis of PyPI-Py A mixture of pyrene-4,5-dione (0.50 g, 2.1 mmol), aniline (5.0 mL, 55.1 mmol), 4-pyren-1-yl-benzaldehyde (PyP-CHO) (0.80 g, 2.6 mmol), acetic acid (15.0 mL), and ammonium acetate (0.80 g, 10.5 mmol) was stirred for 2 h. When cooled down from 120 °C to room temperature, the mixture was subsequently filtered and flushed with a water/acetic acid mixture (3:1, 40.0 mL). Then, the crude product was further purified by column chromatography and sublimation to give white product (0.77 g, Yield: 62%). 1H NMR (500 MHz, DMSO-d6, δ) 9.02 (d, J = 6.7 Hz, 1H), 8.40 (d, J = 7.9 Hz, 1H), 8.38–8.31 (m, 3H), 8.28–8.20 (m, 7H), 8.13 (dd, J = 8.5, 6.1 Hz, 2H), 8.06 (d, J = 7.8 Hz, 1H), 7.99–7.90 (m, 4H), 7.87–7.82 (m, 3H), 7.80 (t, J = 7.8, 7.8 Hz, 1H), 7.70 (d, J = 8.3 Hz, 2H), 7.35 (d, J = 8.2 Hz, 1H). 13C NMR (126 MHz, CDCl3, δ): 132.24, 131.72, 131.47, 130.96, 130.79, 130.61, 130.39, 130.17, 130.13, 129.41, 129.30, 128.44, 128.00, 127.68, 127.61, 127.45, 127.40, 126.52, 126.09, 125.37, 125.24, 125.07, 124.98, 124.96, 124.87, 124.66, 124.43, 123.64, 122.93, 118.06. MALDI-TOF (mass m/z): [M+] calcd for C45H26N2, 594.72; found, 595.35. Anal. Calcd (%) for C45H26N2: C, 90.88; H, 4.41; N, 4.71. Found: C, 90.75; H, 4.64; N, 4.61. Theoretical calculation Gaussian 09 (version D.01) package on a PowerLeader cluster was used to carry out all the density functional theory (DFT) calculations. Molecule structures of PyPI and PyPI-Py were selected from optimized ground-state geometries according to time-dependent DFT (TD-DFT) at the level of CAMB3LYP/6-31G(d,p). For examining the character of electronic transitions, the dominant ""particle""–""hole"" pair contributions based on the TD-M062X/6-31G(d,p) method was used to evaluate the natural transition orbitals (NTOs). Results and Discussion Synthesis and characterization As shown in Scheme 1, the model compound PyPI was conveniently synthesized via a click-like one-pot reaction in which benzaldehyde, ammonium acetate, aniline, and pyrene-4,5-dione were refluxed under N2 atmosphere.24 PyPI-Py was also prepared in good yield using the same procedure with PyP-CHO instead of benzaldehyde as the starting material. The structures of PyPI and PyPI-Py were fully characterized by 1H and 13C NMR spectroscopies, mass spectrometry, and elemental analysis and in good accordance with their expected structures. Supporting Information Figures S1–S5 show the detailed characterization data. Scheme 1 | Molecular structures and synthesis of PyPI and PyPI-Py. Download figure Download PowerPoint Thermal properties These two polycyclic aromatic hydrocarbon skeletons featured high thermal stability. As displayed in Figure 1a, in the differential scanning calorimetry (DSC) heating cycles, the glass transition temperature (Tg) and melting point (Tm) of PyPI-Py appeared at 150 and 317 °C, respectively. The Tg and Tm values of PyPI-Py were much higher compared with the PyPI values of 74 °C and 215 °C, respectively. In addition, upon further heating of PyPI beyond Tg, an exothermal peak was detected at 139 °C, which was assigned as the crystallization temperature (Tc). From thermogravimetric analysis (TGA), PyPI exhibited a decomposition temperature (5% weight loss) of 355 °C, whereas that of PyPI-Py was 122 °C higher reaching 477 °C (Figure 1b), demonstrating its superior thermal stability because of the introduction of an additional pyrene unit. The favorable thermal properties of PyPI-Py are sufficient to meet the requirements for evaporative manufacture. Figure 1 | DSC (a) and TGA (b) curves of PyPI and PyPI-Py under nitrogen atmosphere. Download figure Download PowerPoint Theoretical calculations To estimate their molecular configuration and distribution of frontier molecular orbitals, DFT calculations were carried out. As shown in Figure 2a, PyPI presented nearly coplanar geometry in the ground state. The highest occupied molecular orbitals (HOMOs) as well as the lowest unoccupied molecular orbitals (LUMOs) were both delocalized on the entire molecule, indicating a typical pure π → π* transition. In contrast, the HOMO of PyPI-Py was mostly distributed on the PyPI segment with a residual on the substituted pyrene, whereas the LUMO was mostly located on the pyrene group with sizable extension on the central linking phenylene. This finding suggested a significant change in the frontier molecular orbital distribution. In addition, PyPI-Py showed a highly twisted molecular geometry with a calculated torsion angle of 55° between the PyPI and Py units in the ground state (Figure 2a). Unlike the fully separated LUMO and HOMO distributions in the molecules containing strong D–A units, the relatively weak electron-donating and -withdrawing strengths of the D and A moieties allowed for partially delocalized HOMOs and LUMOs in PyPI-Py. Therefore, pyrene serves as a weak A, which accommodates our design strategy. Figure 2 | (a) in the ground state and distributions of PyPI-Py and (b) S1 geometries and of S0 → S1 for PyPI-Py and PyPI represents the Download figure Download PowerPoint To and the nature of the excited state of analysis of singlet as well as triplet excited were The angle between the D and A units was greatly from 55° to a coplanar configuration in the excited state (Figure The was the PyPI and phenylene which its HOMO whereas the was mostly delocalized on the pyrene and phenylene but to the PyPI segment to some because of the angle the phenyl and pyrene (Figure Therefore, distributions of well in the pyrene[4,5-d]imidazole and phenylene but separated in the pyrene The large of the orbital a strong transition for S1 → S0 resulting in a for the ηPL. The of the and distributions to a certain extent upon pyrene a CT transition that singlet exciton In the and of PyPI were distributed the molecule because of nearly molecular configuration (Figure The analysis of the higher singlet and triplet excited and the energy for PyPI-Py are in Supporting Information Figures and HLCT and and small energy between S1 and = and were which the and a high fluorescence and EUE ratio in Furthermore, it has been that a phenyl unit between the D and A serves as an appropriate method for the of HLCT excited properties The LUMO and HOMO energy by were to by theoretical calculations Supporting Information Figure The and of PyPI-Py were to be and respectively, corresponding to a LUMO level of and a HOMO level of The of PyPI-Py and PyPI (0.80 that their HOMO were both by the PyPI In contrast, the LUMO level of PyPI-Py was than that of PyPI This be attributed to the of an additional pyrene group that as a weak A and substantially the molecular orbital distribution as in the theoretical The be thus which the device performance. The energy calculated from the of PyPI and PyPI-Py were and respectively, in good with their corresponding optical energy obtained from the results 1 | and of PyPI and PyPI-Py PyPI PyPI-Py and PL peaks in solution with a of 1 × 10−5 mol and PL peaks in a neat film 30 the values in are the quantum efficiency of a neat film at room optical energy is from the in is from by properties The and PL of PyPI-Py and PyPI in are displayed in Figure and the corresponding are in PyPI displayed because of the structure from the pyrene-imidazole The of PyPI-Py was to that of PyPI in However, the in two was the of PyPI-Py. The of PyPI-Py may partially from a of CT and LE transitions, demonstrating the of the lowest CT and LE The CT character was further by the PL PyPI in the at nm with of structure in the of whereas PyPI-Py a large of at nm and a Unlike the in emission of PyPI as the was enhanced Supporting Information Figure the emission of PyPI-Py were as well as (Figure For example, the emission peak at nm in the but to nm in highly This effect further the of a CT in the excited state as in increasing , the of of both PyPI and PyPI-Py including peak and in the ground state upon variation (Figure and Supporting Information Figure As for the PL of PyPI in there was little its that they all demonstrated structure the typical LE of the excited state. Figure | PL and of PyPI-Py in M) with PyPI for Download figure Download PowerPoint Figure | PL and of PyPI-Py in Download figure Download PowerPoint To further the of singlet excited state for the the of the was constructed based on the As in Figure PyPI-Py showed a with a of that one excited state in both low and high This which is than that of the typical CT molecule a quasi-equivalent of CT and LE because of the strong coupling between the CT and LE states, which is in good with the theoretical and high PL efficiency in highly as in the previous Therefore, a quasi-equivalent consisting of an HLCT state in the S1 state of PyPI-Py. Because of the of CT and LE even in the highly PyPI-Py a high ηPL of which was with the values in both and Supporting Information The high ηPL in to the good device performance. Furthermore, a displayed a and of in with (Figure that the CT and LE of PyPI-Py into a HLCT state. The ηPL of PyPI and PyPI-Py in was by using as a Supporting Information S1 and PyPI which was than the values of PyPI-Py Supporting Information Figure | of PyPI-Py with the fluorescence the of the Download figure Download PowerPoint In a neat film, PyPI showed a maximum emission peak at nm with a of nm in to that in Supporting Information Figure This peak a relatively large at maximum of which was to the strong aggregation effect of PyPI with planar In the were to some extent because of the pyrene to a of nm under the same and a of nm The ηPL in was for PyPI and for indicating that pyrene a role in molecular aggregation its properties, such as high ηPL and good thermal stability, were successfully the PL of PyPI-Py in film was also without (Figure The PL of PyPI neat film also with a of as shown in Supporting Information Figure Furthermore, the and and were calculated according to the in the Supporting In the the of PyPI-Py was calculated to be × which is higher than that of PyPI × and the of PyPI-Py was calculated to be × which was"
2021,2021-01-14,Green Energy & Environment,A succinct enhanced luminescence strategy for fluorescent ionic liquids and the application for detecting CO2,10.1016/j.gee.2021.01.010,Siying Che; Jiachen Guo; Lu Gan; Qiaoxin Xiao; Haoran Li; Yuanbin She; Congmin Wang,https://doi.org/10.1016/j.gee.2021.01.010,OpenAlex,ammonium TADF; cationic thermally activated delayed fluorescence; ionic TADF; ionic emitter TADF; ionic thermally activated delayed fluorescence; phosphonium TADF,"An interesting phenomenon was found that fluorophore was introduced into ionic liquid (IL) to magnify fluorescence signal via the thermally activated delayed fluorescence process; thus up to 15 fold enhancements were achieved. Hence, we reported a succinct enhanced luminescence strategy to reduce single-triplet energy split by the tunability of ILs. This strategy could be extended to more kinds of ILs by the virtue of a preliminary DFT calculation screening. Moreover, the optical feature of IL sensor made it a promising candidate as a gas fluorescence sensor."
2020,2020-12-18,Angewandte Chemie International Edition,"Donor/Acceptor Pairs Created by Electrostatic Interaction: Design, Synthesis, and Investigation on the Exciplex Formed Within the Pair",10.1002/anie.202013332,Lei He; Rubing Bai; Renyou Yu; Xianwen Meng; Mingxing Tian; Xiaoxiang Wang,https://doi.org/10.1002/anie.202013332,OpenAlex,anionic thermally activated delayed fluorescence; cationic thermally activated delayed fluorescence; imidazolium TADF,"Abstract Exciplexes formed between donors and acceptors have been widely explored but isolating them from each other and tuning the interaction between the donor and acceptor have remained challenges. Here, we report donor/acceptor (D/A) pairs created by electrostatic interaction between a carbazole‐based anionic donor and a 1,3,5‐triazine‐based cationic acceptor and the exciplex formed within the pair. In a diluted film, the D/A pair affords an isolated exciplex which shows thermally activated delayed fluorescence (TADF). By changing the anchoring position of the imidazolium cation in the cationic acceptor, interactions between the donor and acceptor can be changed. Compared to the conventional exciplex formed in a neat film, the isolated exciplex exhibits a substantially higher luminescence efficiency. The D/A pairs show intriguing mechanochromic luminescence and mechanical grinding‐induced/reinforced TADF in the solid state and promising performances as emitters in organic light‐emitting diodes."
2020,2020-10-20,ACS Applied Materials & Interfaces,Pyridine-Based Bipolar Hosts for Solution-Processed Bluish-Green Thermally Activated Delayed Fluorescence Devices: A Subtle Regulation of Chemical Stability and Carrier Transportation,10.1021/acsami.0c14123,Yan‐Mei He; Zhenyang Qiao; Xinyi Cai; Mengke Li; Wei Li; Wentao Xie; Weidong Qiu; Liangying Wang; Shi‐Jian Su,https://doi.org/10.1021/acsami.0c14123,OpenAlex,anionic thermally activated delayed fluorescence,"Versatile host materials with good chemical stability and carrier-transporting ability are quite responsible for achieving stable solution-processed thermally activated delayed fluorescence (TADF) organic light-emitting diodes (OLEDs). Herein, we reported three bipolar dendritic hosts with or without the electron-withdrawing pyridine moiety via 6-site-linkages, namely, 3,3′-bis(3,3″,6,6″-tetra- tert -butyl-9′ H -[9,3′:6′,9″-tercarbazol]-9′-yl)-1,1′-biphenyl (mCDtCBP), 3,3″,6,6″-tetra- tert -butyl-9′-(6-(3-(3,3″,6,6″-tetra- tert -butyl-9′ H -[9,3′:6′,9″-tercarbazol]-9′-yl)phenyl)pyridine-2-yl)-9′ H -9,3′:6′,9″-tercarbazole (mCDtCBPy), and 6,6′-bis(3,3″,6,6″-tetra- tert -butyl-9′ H -[9,3′:6′,9″-tercarbazol]-9′-yl)-2,2′-bipyridine (mCDtCBDPy), exhibiting outstanding solubility, thermal stability as well as electrochemical stability. According to the calculation of bond dissociation energy (BDE), photodegradation results, and carrier dynamics evaluation, a significant relationship between device stability and the pyridine-based dendritic hosts was uncovered. Using mCDtCDPy with the highest electron mobility as the host, the solution-processed bluish-green TADF-OLED showed the shortest operational lifetime due to the unbalanced charge fluxes despite its highest anionic BDE for good chemical stability. However, the device based on mCDtCBPy exhibited twice longer lifetime than that based on mCDtCBP in spite of their similar balanced charge transportation, highlighting the importance of higher anionic BDE of the C–N bond in the device degradation process. Our findings unveiled a potential approach to achieve a subtle regulation of chemical stability and carrier transportation for realizing stable solution-processed TADF-OLEDs."
2020,2020-10-05,Advanced Functional Materials,"Color‐Stable, Efficient, and Bright Blue Light‐Emitting Electrochemical Cell Using Ionic Exciplex Host",10.1002/adfm.202007167,Rubing Bai; Xianwen Meng; Xiaoxiang Wang; Lei He,https://doi.org/10.1002/adfm.202007167,Crossref; OpenAlex,cationic thermally activated delayed fluorescence; ionic TADF; ionic emitter TADF; ionic thermally activated delayed fluorescence,"Abstract The lack of high‐performance blue light‐emitting electrochemical cells (LECs) has remained a formidable challenge for fabricating white LECs for lighting applications. Here, a ionic exciplex host is used for color‐stable, efficient, and bright blue LECs by taking advantage of its facilitated carrier injection, bipolar charge‐transport, and efficient energy transfer to the guest dopant. A cationic donor molecule, 1‐(3‐(3,6‐di‐tert‐butyl‐9H‐carbazol‐9‐yl)phenyl)‐3‐methyl‐1 H ‐imidazol‐3‐ium hexafluorophosphate (tbuCAZ‐ImMePF 6 ), and a cationic acceptor molecule, 1‐(3‐(4,6‐diphenyl‐1,3,5‐triazin‐2‐yl)phenyl)‐3‐ethyl‐1 H ‐imidazol‐3‐ium hexafluorophosphate (TRZ‐ImEtPF 6 ), are developed to form the ionic exciplex host. The mixed film of tbuCAZ‐ImMePF 6 and TRZ‐ImEtPF 6 affords blue exciplex with fast reverse intersystem crossing and thermally activated delayed fluorescence. For the film doped with a blue‐emitting iridium complex, energy is efficiently transferred from the exciplex to the complex. Host‐guest LECs using the doped film as the active layer show stable blue emission color and high current efficiencies of up to 25.8 cd A −1 . More importantly, they attain simultaneously high efficiency and high brightness (14.1/17.4/16.8 cd A −1 at 705/872/1680 cd m −2 ), which are the most efficient and bright host‐guest blue LECs reported so far. The primary host‐guest LEC also exhibits promising operational stability. The work reveals that the use of an ionic exciplex host is a promising avenue toward high‐performance blue LECs."
2020,2020-09-27,Inorganic Chemistry,Tunable from Blue to Red Emissive Composites and Solids of Silver Diphosphane Systems with Higher Quantum Yields than the Diphosphane Ligands,10.1021/acs.inorgchem.0c02238,María Celia Fontana Calvo; Olga Crespo; M. Concepción Gimeno; Antonio Laguna; Montserrat Oliván; Víctor Polo; Diego Rodríguez Rodríguez; Jose-M. Sáez-Rocher,https://doi.org/10.1021/acs.inorgchem.0c02238,OpenAlex,anionic thermally activated delayed fluorescence,"Abstract PMMA composites and solids of complexes of formulas [AgX­(P–P)]n [n = 1 and 2; X = Cl, NO3, ClO4, CF3COO, and OTf; P–P = dppb, xantphos, (PR2)2C2B10H10 (R = Ph and iPr)] display the whole palette of colors from blue to red upon selection of the anionic ligand (X) and the diphosphane (P–P). The diphosphane seems to play the most important role in tuning the emission energy and thermally activated delayed fluorescence (TADF) behavior. The PMMA composites of the complexes exhibit higher quantum yields than that of the diphosphane ligands and those with dppb are between 28 and 53%. Remarkably, instead of blue-green emissions which dominate the luminescence of silver diphosphane complexes in rigid phases, those with carborane diphosphanes are yellow-orange or orange-red emitters. Theoretical studies have been carried out for complexes with P–P = dppb, X = Cl; P–P = dppic, X = NO3; P–P = dppcc, X = Cl, NO3, and OTf and the mononuclear complexes [AgX­(xantphos)] (X = Cl, Br). Optimization of the first excited triplet state was only possible for [AgX­(xantphos)] (X = Cl and Br). A mixed MLCT and MC nature could be attributed to the S0 → T1 transition in these three-coordinated complexes."
2020,2020-08-01,Advanced Functional Materials,25 Years of Light‐Emitting Electrochemical Cells,10.1002/adfm.202002879,Qibing Pei; Rubén D. Costa,https://doi.org/10.1002/adfm.202002879,OpenAlex,ionic thermally activated delayed fluorescence,"Since the pioneering work on the electroluminescence response of anthracene crystals by P. Vouaux in 1953, organic-based thin-film lighting devices have made it all the way from laboratory prototypes to commercial products. Over these decades, research activities have been focused on i) understanding the electroluminescence phenomena in organic semiconductors, ii) reducing the applied bias to enhance device efficiency and stability, and iii) designing new materials and device architectures. Broadly speaking, two approaches have been followed: i) multi-layered devices with a manifold of thin layers tailoring the charge injection, transport, and emission processes, and ii) ionic-based devices, in which the presence of mobile ions in the active layer assists charge injection and transport processes in a single-layered device. The former refers to organic light-emitting diodes (OLEDs), which have significantly advanced since the first report by C. W. Tang in 1987. The latter is the light-emitting electrochemical cell (LEC) that were discovered by Q. Pei et al. in 1995. LECs are considered the simplest thin-film lighting device up to date. In particular, the active layer consists of a myriad of electroluminescent emitters—e.g., conjugated polymers (CPs), ionic transition-metal complexes (iTMCs), small molecule (SMs), quantum dots (QDs), and nanoparticles (NPs)—that are blended with ionic additives such as ion polyelectrolytes (IPs), ionic liquids (ILs), and inorganic salts (ISs). Since the discovery of the LEC concept in 1995, the impact of the ions on the device mechanism has thoughtfully been studied using several techniques. However, it took around 15 years to reach a consensus on the device mechanism. During this period, other works focused on i) designing new CPs and ruthenium(II)/iridium(III) iTMCs featuring different emission colors, ii) determining the best electrolyte for each emitter, and iii) studying the emitter degradation under device operation conditions. Since 2010, the research community started to search for new electroluminescent materials, such as d10 iTMCs, SMs, QDs, and NPs, to achieve highly efficient and stable devices spanning the whole visible range. Furthermore, new opportunities appeared with respect to new ionic additives, such as inorganic salts, binary complexes, and electroactive electrolytes. These contributions have led to new horizons in terms of elucidating i) the best combination of emitter and ionic additives, ii) the impact of the type of emitters and ionic electrolytes on the device mechanism, and iii) new low-cost fabrication methods for large-area devices. In parallel, many groups have turned their attention to i) enhancing the device efficiency by balancing the charge transport and electron-hole recombination; ii) designing frozen junctions; iii) optical engineering using color-converting layers, cascade- and tandem-like devices, light-emitting gels, plasmonic effects, and waveguide coupling; iv) establishing up-scalable solvent-based deposition techniques like spray-coating, gravure, roll-to-roll, and inject printing, etc; v) demonstrating the LEC potential with respect to low-cost fabrication of displays and easy-to-do devices prepared on any kind of substrates. In light of all of the aforementioned, it is safe to state that the last 25 years have been a successful test-bed time for LEC technology, ranging from a mature understanding of the device mechanism, to the limitless design of emitters and ionic additives, to novel device architectures, and to industrial relevant fabrication methods. This special issue honors the efforts of a growing lighting community, providing an excellent platform to showcase the most recent advances in the LEC field after 25 years. In particular, this special issue can be divided into three sections, namely i) design of the third generation of emitters and ionic additives, ii) recent advances in device chromaticity, and iii) new insights into device mechanism and characterization techniques. Concerning the design of new materials, LECs require emitters with excellent ambipolar carrier transport and high luminescence in thin films, as well as ionic electrolytes with high ion conductivity and a wide electrochemical window. These aspects are needed to stabilize an efficient emission from the p-i-n junction of LECs. As a general introduction, T. Takenobu and co-workers (article number 1908641) have comprehensively summarized the most desired electroluminescent features of non-polymeric emitters. In particular, Y. Choe et al. (article number 1907126) focused on the recent advances and limitations in LECs using SMs as emitters, disclosing the most promising material design for each color region as well as other important aspects, such as ionic versus neutral SMs, multifunctional materials including molecular host-guest and dyads. To complement this, E. Zysman-Colman and colleagues (article number 1908677) have provided an excellent review concerning the synthesis and application of the multi-resonant thermally activated delayed fluorescence emitters based on heteroatom doped nanographenes. The latter is an emerging class of emitters for both, OLEDs and LECs, featuring interesting temperature- and electric field-induced photo- and electro-luminescent behaviors. As an example, R. D. Costa and co-workers (article number 1906830) have provided an original report that deciphers the origin of one of the most stable and efficient white LECs using a blue-emitting BN doped nanographene. In short, they described how self-heating activates new exciton radiative mechanisms, leading to efficient white photo- and electro-luminescence responses featuring a ternary emission mechanism. In this line, L. Edman and co-workers (article number 1908649) have prepared an excellent review of the self-heating process in LECs. On a different note, E. Nannen et al. (article number 1907349) have summarized the recent progress in LECs based on inorganic QDs and perovskite NPs. They have highlighted the impact of these materials on the device mechanism and the different device architectures towards highly performing devices. Finally, J. Slinker and colleagues (article number 1906715) focused on strategies to bypass traditional IPs and ILs, such as coupling electrolytes and emitters, ISs as new electrolytes, and easily polarized neutral emitters like perovskites and nanoparticles. Strongly linked to the material design is the device chromaticity. Highly efficient and stable white-emitting LECs is one of the major milestones of the field. R. D. Costa's and K.-T. Wong's groups (article numbers 1908176 and 1906898, respectively) have summarized the status of white LECs, highlighting material designs (multiemissive mechanism, multifluorophoric emitters), active layer designs (host-guest, multilayers, exciplex and electroplex emissions, etc.), and architecture designs (photoactive filters, tandem, etc.). The white LEC milestone is flanked by the challenges to realize stable and efficient blue/green and red LECs. L. Duan and co-workers (article number 1907156) have provided a timely review of the current understanding of the molecular design of traditional and new emitters, identifying the guidelines and limitation towards efficient and stable blue LECs. In addition, they also focused on device structures with respect to color tuning and enchancement of the efficiency and stability. In addition, L. He et al. (article number 1907169) have emphasized the design of blue-emitting iridium(III) iTMCs and their implementation in LECs. Thus far, they are still the best performing blue emitters, although they are much worse performing (stability and efficiency) than green, yellow, and orange LECs. Here, A.V. Mudring and co-workers (article number 1909809) fabricated one of the most efficient and stable green LECs combining the rational ligand design of iridium(III) complexes in concert with an optimized driving mode. Finally, H. Shahroosvand and colleagues (article number 1908103) have provided an excellent review on deep-red and NIR emitters applied to LECs, highlighting the differences in performance and device mechanism between CPs, iTMCs, SMs, and QDs. As the last section of this special issue, the reader will find a fine collection of reviews and original papers focused on new insights into device architectures, mechanism, and characterization techniques. H.-C. Su's group (article number 1906788) has summarized optical strategies to manipulate light-extraction towards enhancing device efficiency and controlling device chromaticity. In addition, they also described optical techniques to study the dynamic evolution of the p-i-n junction in terms of balanced carrier transport and electron-hole recombination as a tool to optimize device performance. This is nicely accompanied by i) the progress report on exciplex emission and light out-coupling techniques provided by Y. Nishikitani's group (article number 1907309), and ii) the original work of R. Hany (article number 1906803) that describes numerical simulations that nicely correlates the ion motion and movement of the intrinsic zone in the p-i-n junction. The industrial relevance of LECs was highlighted by J. Gao's and K.-H. Lee's groups (article number 1907003 and 1907936, respectively). The former summarizes the recent progress using bipolar electrodes that leads to the wireless formation of many localized emitting p-i-n junctions in the bulk of the device. The latter describes a new type of quasi-solid-state LECs using gel electrolyte composites featuring high-strength and high-conductivity features that are of high relevance for low-cost printable commercial devices. Finally, Li, Pei, et al. (article number 1909102) reviewed the dynamic formation of p-i-n and how this is applied for LEC materials selection, junction stabilization, and the demonstration of stretchable LECs. Overall, this special issue illustrates the excellence past and current research of leading scientists loving the LEC technology platform. We are heartily grateful to all the authors, the referees, the editor (Muxian Shen), and the whole team at Wiley-VCH for their efforts to carry this special issue forward. Qibing Pei is Professor of Materials Science and Engineering and Professor of Mechanical Engineering at the University of California, Los Angeles. He specializes in synthetic polymers and composites for electronic, electromechanical, and photonic applications. He received his B.S. degree from Nanjing University, PhD degree from the Institute of Chemistry, Chinese Academy of Sciences, and carried out postdoctoral research Linköping University. He worked at UNIAX Corporation (now DuPont Display) and SRI International, Menlo Park, California before joining the UCLA faculty in 2004. Rubén D. Costa completed both his B.Sc/M.Sc studies (2006) and PhD (2010) in chemistry at the University of Valencia (Spain). From 2011–2013, he was a Humboldt postdoc at the Friedrich-Alexander-University Erlangen-Nürnberg (Germany). Here, he started the Hybrid Optoelectronic Materials and Devices lab as Liebig junior group leader in 2014. In 2017, he moved part of his group to IMDEA Materials Institute (Spain) as senior program leader. In 2018, he expanded his labs to the U. Waseda (Japan) as Associate Professor. His research encompasses the design and preparation of new hybrid materials and their use in optoelectronic devices for energy- and medical-related applications."
2020,2020-07-17,CCS Chemistry,Degradation Mechanisms in Blue Organic Light-Emitting Diodes,10.31635/ccschem.020.202000271,Dan Wang; Cong Cheng; Taijū Tsuboi; Qisheng Zhang,https://doi.org/10.31635/ccschem.020.202000271,OpenAlex,anionic thermally activated delayed fluorescence; cationic thermally activated delayed fluorescence; charged thermally activated delayed fluorescence,"Open AccessCCS ChemistryMINI REVIEW1 Aug 2020Degradation Mechanisms in Blue Organic Light-Emitting Diodes Dan Wang†, Cong Cheng†, Taiju Tsuboi and Qisheng Zhang Dan Wang† MOE Key Laboratory of Macromolecular Synthesis and Functionalization, Department of Polymer Science and Engineering, Zhejiang University, Hangzhou 310027 , Cong Cheng† MOE Key Laboratory of Macromolecular Synthesis and Functionalization, Department of Polymer Science and Engineering, Zhejiang University, Hangzhou 310027 , Taiju Tsuboi *Corresponding authors: E-mail Address: [email protected] E-mail Address: [email protected] MOE Key Laboratory of Macromolecular Synthesis and Functionalization, Department of Polymer Science and Engineering, Zhejiang University, Hangzhou 310027 and Qisheng Zhang *Corresponding authors: E-mail Address: [email protected] E-mail Address: [email protected] MOE Key Laboratory of Macromolecular Synthesis and Functionalization, Department of Polymer Science and Engineering, Zhejiang University, Hangzhou 310027 https://doi.org/10.31635/ccschem.020.202000271 SectionsAboutAbstractPDF ToolsAdd to favoritesTrack Citations ShareFacebookTwitterLinked InEmail An organic light-emitting diode (OLED) is required to exhibit long-time operation without degradation as an inorganic LED. Sufficiently long operation time has been demonstrated for green- and red-emitting OLEDs. However, a blue device that is important for full-color display and lighting exhibits a much shorter operational lifetime than the other color devices. The short lifetime is mainly attributed to the molecular dissociation and the defects and radical species formation through various unimolecular and bimolecular processes, including direct photolysis, exciton–exciton interaction, and exciton–polaron interaction, and so on. Different novel techniques of chemistry and physics have been employed for blue devices to suppress the degradation process induced by high-energy excitons. A deep understanding of the degradation mechanism is still needed for all three kinds of blue OLEDs employing fluorescence, phosphorescence, and thermally active delayed fluorescence. In this brief review, we introduce and discuss several degradation mechanisms for these three kinds of OLEDs. Download figure Download PowerPoint Introduction The realization of efficient and stable blue light-emitting diodes (LEDs) allows LED technology to be used in the solid-state light source and various electronic equipment. In contrast to the single-crystal-based inorganic LEDs, organic light-emitting diode (OLED) fabricated by rapid organic thin-film deposition is considered as an ideal technique for large-area high-resolution displays.1 In recent years, more than 10 active-matrix OLED (AMOLED) production lines have been built in East Asia, although the stability problem in blue OLEDs has not been entirely overcome (see Tables 1 and 2).2–25 The highly efficient blue OLEDs employing phosphorescence (PHOLEDs) have a problem of short operation lifetime. In commercial OLED displays, inefficient blue fluorescence OLEDs (FOLEDs) work together with efficient green and red PHOLEDs, pulling down the total efficiency and reliability of the displays. A deep understanding of the degradation mechanism in blue OLEDs will help us to find new approaches to break the bottleneck in the OLED industry and realize a leap-frog style development in display technology. In this brief review, we distinguish the blue OLEDs into three categories based on their luminescence mechanisms, that is, FOLEDs, PHOLEDs, and thermally activated delayed fluorescence (TADF) OLEDs, and provide an introduction to the current status on these devices, focusing on the operational lifetimes and degradation mechanisms. Table 1 | The International Commission on Illumination (CIE) Coordinates, Current Efficiency (ηc), and Half-Life (LT50) of Commercialized FOLEDs and PHOLEDs2 Devices CIE ηc (cd/A) LT50 (h) Red FOLED 0.67, 0.33 11 160,000 Green FOLED 0.29, 0.64 37 200,000 Blue FOLED 0.14, 0.12 9.9 11,000 Red PHOLED 0.67, 0.33 22 20,000 Green PHOLED 0.33, 0.63 64 200,000 Note: Lifetimes were measured with an initial luminance of 1000 cd/m2. Table 2 | Lists of Recent Device Performances of the Blue OLEDs Emitters CIE EQEmax (%) L0 (cd/m2) Lifetime (h) References FOLED DPAVBi — 3.7 1000 200 (LT67) 3 BITPI 0.15, 0.13 6.6 500 55 (LT50) 4 3Me-1Bu-TPPDA 0.13, 0.15 9.3 1000 1160 (LT50) 5 DFDPA 0.14, 0.12 — 500 300 (LT97) 6 BmPAC 0.13, 0.17 6.5 2100 83 (LT80) 7 DPFCz-TRZ 0.15, 0.10 15.5 500 78 (LT50) 8 PHOLED Ir(dmp)3 0.15, 0.29 18 1000 616 (LT80) 9 MS2 0.16, 0.38 25 327 2203 (LT50) 10 Ir(dbi)3 0.19, 0.41 12.7 1000 118 (LT70) 11 Ir(dpIPY)3: A 0.14, 0.27 10.5 4000 79 (LT70) 12 Ir4 – 17.8 500 93 (LT70) 13 PtNON: TBPe 0.16, 0.25 15.2 1000 602 (LT70) 14 TADF OLED DDCzTrz 0.16, 0.22 5.5 500 52 (LT80) 15 DCzTrz 0.15,0.16 14.9 500 18 (LT80) 15 4CzBN 0.17, 0.20 10.6 500 62 (LT50) 16 4TCzBN 0.16, 0.22 16.2 500 167 (LT50) 16 5CzBN 0.17, 0.34 20 500 700 (LT50) 17 3Ph2CzCzBN 0.17, 0.36 17.8 1000 118 (LT80) 18 oBFCzTrz 0.18, 0.31 20.4 191 2.6 (LT95) 19 BDpyInCz 0.17, 0.27 8.7 1000 21 (LT80) 20 BCz-TRZ 0.20, 0.36 8.8 1000 454 (LT50) 21 DCz-TRZ 0.16, 0.38 15.5 500 80 (LT50) 22 ICz-TRZ 0.14, 0.19 11.8 1000 95 (LT50) 23 ICz-TRZ 0.15, 0.23 18.1 1000 174 (LT50) 23 Exciplex: v-DABNA —, 0.36 18 1260 300 (LT50) 24 TADF sensitizer: t-DABNA 0.13, 0.12 32.5 1000 60 (LT80) 25 Overview on the lifetime studies of blue OLEDs Unlike photoluminescence (PL), the molecule in OLED, which is responsible for electroluminescence (EL), captures an electron and a hole injected from electrodes simultaneously. It has a 1/4 probability to generate the lowest singlet (S1) state exciton and a 3/4 chance to create the lowest triplet (T1) state exciton with lower energy than the singlet exciton (Figure 1a). The earliest commercial passive-matrix OLEDs (PMOLEDs) were operated by doping high-efficiency fluorescent blue, green, or red dye in each emitting layer (EML) for a full-color display. Figure 1b shows some currently reported stable blue fluorophores having a short radiative lifetime (∼2 ns) and small structural deformation in their S1 state,3,4–25 which enable a high color purity and a reduced device efficiency roll-off at high luminance. These compounds are not emissive in their T1 state. Therefore, the electro-optical conversion efficiency of the fluorescent molecule-based OLED is only 25% at most. Although, several bright ideas currently realize high efficiency of FOLED by employing triplet–triplet annihilation (TTA),26,27 TADF,24,28,29 and hot exciton assisted singlet harvest,30,31 the operational lifetime of blue FOLEDs is still at least one order of magnitude shorter than that of the green and red devices (Table 1). Table 2 summarizes some laboratory works with repeatable experiment details.3–25 The LT97 of blue [International Commission on Illumination (CIEy) < 0.2] fluorescent devices with an initial luminescence (L0) of 500 cd/m2 is generally a few hundred hours. Here LT97 means a time of EL luminance to reach 97% of the L0 value. However, it is not fruitful to compare these lifetime data because the color coordinate CIE, initial luminescence, and efficiency are not the same in all the reports. Figure 1 | (a) Luminescence mechanism of OLEDs employing fluorescence, phosphorescence, and TADF. Flu = fluorescence; Ph = phosphorescence; PF = prompt fluorescence; DF = delayed fluorescence; ISC = intersystem crossing; RISC = reverse intersystem crossing; ΔEST = the energy difference between the S1 and T1; IC = internal conversion. (b) Chemical structures of some blue emitters reported in refs 3–25. Download figure Download PowerPoint In the late 1990s, luminescent complexes containing noble metals such as platinum and iridium were introduced in OLEDs.32–36 Due to the heavy atom effect, the S1 → T1 intersystem crossing (ISC) and T1 → S0 radiative transition become less forbidden (Figure 1a), shortening the phosphorescence lifetime to approximately 1 µs. The energy utilization ratio of OLED employing phosphorescence is up to 100%, achieved by fully harvesting singlet and triplet excitons. Red and green phosphorescent materials have been widely used in commercial AMOLEDs, but the stability of blue PHOLEDs needs to be further improved. A state-of-the-art sky blue PHOLED achieved an LT80 of 616 h with an L0 of 1000 cd/m2,9 although such a lifetime value is still incomparable with that of FOLED. Note that there are only a few reports available on the lifetime of deep blue phosphorescent devices with CIEy < 0.2. Since 2011, metal-free TADF emitters have been successfully applied to OLED,37–43 and achieved high efficiency, comparable to that of phosphorescent devices based on noble metallic compounds such as popular Ir(ppy)3 (Figure 1a).34–36 Owing to the lack of relatively weak coordination bonds in TADF molecules, TADF materials are expected to overcome the technical bottleneck of blue OLEDs. In 2015, Kim et al.15 indeed reported two stable blue TADF molecules DDCzTrz and DCzTrz, whose device color coordinates were 0.16, 0.22 and 0.15, 0.16, and LT80 reached 52 and 18 h with an L0 of 500 cd/m2, respectively. In 2016, Zhang et al.16 reported two blue luminescence TADF molecules 4CzBN and 4TCzBN. The color coordinates of their devices were 0.17, 0.20 and 0.16, 0.22, respectively, and the LT50 reaches 62 and 167 h with an L0 of 500 cd/m2. Recently, using an indolocarbazole/triphenyltriazine derivative (ICz-TRZ) as a luminescent material, we fabricated a stable blue TADF device successfully, which has the color coordinate CIE of 0.14, 0.19 and an LT50 of up to 95 h with an L0 of 1000 cd/m2.23 Note that bluish-green TADF devices could be much more stable than the blue TADF OLEDs as mentioned above.44,45 Some preliminary studies based on controlled experiments indicated that blue TADF OLEDs could be much more stable than blue PHOLEDs.15,46 One might suspect that the device structures used in these experiments might be more favorable for TADF emitters. The early reports on blue TADF device lifetime were encouraging, but the subsequent development has been slow. A full understanding of new types of EL materials would take time, although it is essential. Degradation mechanisms in blue FOLEDs The lifetime of blue FOLEDs cannot match that of green ones (Table 1). One of the reasons is that a significantly higher power (including Joule heat) is needed for the blue device than for green one to obtain the same luminance intensity. In traditional FOLEDs, at least 3/4 of the energy could not be converted to light and eventually dissipates as heat via a T1 → S0 nonradiative transition. The heat generated by the blue fluorescent device is higher than that of the green fluorescent device, resulting in reduced stability of blue OLEDs by the morphology change of the organic layers.47 In addition to the device degradation caused by Joule heat, it is believed that high-energy blue fluorescence could cause direct decomposition of the organic molecule, resulting in reduced stability of the blue devices. Most blue fluorescent materials are the derivatives of aniline and carbazole (Cz).3,5–8 Wide-bandgap host materials generally contain electron-donating/electron-withdrawing fragments such as Cz, aromatic amine, phosphine oxide, triazine, and cyano.20,48–51 The S1 energy level of the blue fluorescent materials could be as high as 3.0 eV, which is equivalent to the bond energy of the C–N bond and higher than the C–P bond. Therefore, the homolysis of the C–X (X = N, P, S, etc.) might occur on the host and guest in the EML,51 and the generated free radicals quench the emitters effectively as exciton quenchers.52 In the devices containing a Cz-based fluorophore, the breaking of the C−N bond in phenyl-carbazole moiety has been demonstrated. Kondakov et al.53 found the degradation products in the devices with EML composed of rubrene-doped 4,4′-N,N′-dicarbazole-biphenyl (CBP) by high-performance liquid chromatography/mass spectrometry (HPLC/MS) and confirmed that the breaking of the C–N bond in the host CBP is responsible to the device degradation. Sandanayaka et al.54 investigated the photodegradation of a (4s,6s)-2,4,5,6-tetra(9H-carbazol-9-yl)isophthalonitrile (4CzIPN)-doped 3,3-di(9H-carbazol-9-yl)biphenyl (mCBP) film and revealed that the wide-bandgap mCBP host is extremely unstable under UV light (Figure 2a) in comparison with green-emitting Ir(ppy)3 and 4CzIPN. This suggests that one of the keys to device degradation is on the host materials. Figure 2 | (a) Photostability of 4CzIPN in 15 wt %-doped mCBP film, 4CzIPN neat film and mCBP neat film (left image), and degradation products of 4CzIPN and mCBP (right image). Adapted with permission from ref 54. Copyright 2015 American Chemical Society. (b) Effect of BDE by the substituents on the D–π structure. Reprinted with permission from ref 56. Copyright 2018 American Chemical Society. (c) Chemical structures, BDE, and photostability of sulfonyl-, phosphine oxide-, and carbonyl-containing host materials. Reprinted with permission from ref 60. Copyright 2014 American Chemical Society. Download figure Download PowerPoint Freidzon et al.55 calculated the bond dissociation energy (BDE) and the dissociation activation energy of the C−N and C−C bonds in the charged and excited states for four host materials by the multireference complete active space self-consistent-field (CASSCF)/XMCQDPT2 method. The results showed that the Cz-based molecules degrade naturally in their neutral excited and negatively charged excited states; meanwhile, other states are relatively stable. Wang et al.56 systematically studied the effect of different substitution positions and groups on BDE based on some D(Cz)–π structure molecules (Figure 2b). On the π-side, introducing a large steric hindrance substituent in the ortho-position of 9-PhCz could reduce the BDE by over 0.3 eV. On the D-side, molecules with a 1,8-substituted Cz usually have low BDE values due to their steric hindrance, while molecules with a 3,6-substituted, 2,7-substituted, or 4-substituted Cz, introducing electron-withdrawing groups on these positions of Cz lead to increase the BDE of the corresponding material. In contrast, electron-donating groups would decrease the BDE. These results indicated that the C−N bond connected to the Cz moiety is unstable. By the modification of the Cz groups, the C−N bond with high BDE is obtained to meet the blue OLED requirements. From the devices which employ aniline-based hole transport materials 4,4′,4′′-tri(N-carbazolyl)triphenylamine (TCTA) and N,N′-diphenyl-N,N′-bis(1-naphthyl)-1,10-biphenyl-4,4′-diamine (α-NPD), Sivasubramaniam et al.57 found the degradation products of TCTA and α-NPD created during the device operation. They used a laser desorption ionization equipment, which is coupled with a time-of-flight mass spectrometry (LDI-TOF/MS), for the measurements. Vijaya Sundar et al. used a theoretical approach, the CASSCF method, to study the single-molecule dissociation process of triphenylamine (NPh3) and N,N′-diphenyl-2-naphthylamine (DPNA) in their excited state. They found a conical intersection between the potential energy surfaces of the ground state and the first excited state for these two molecules. Near this cross-point, the molecules were in anionic and free radical state.58 After crossing a small energy barrier to reach the conical intersection, the NPh3 and DNPA molecules could undergo a cyclization reaction to generate dissociation products. Besides, the energy barrier of the intermediate product of the cyclization reaction could be controlled by group modification, which suppressed the decomposition reactions effectively. The aromatic compounds with a ketone, phosphine oxide, and sulfone group are used widely in blue OLEDs as the host materials and exciton blocking layer materials. Lin et al.59 investigated the chemical stability of phosphine oxide-based materials using 9-(3,5-bis(diphenyl phosphoryl)phenyl)-9H-carbazole (CzPO2) as an example. The results of matrix-assisted laser desorption ionization equipment, which is coupled with a time-of-flight mass spectrometry (matrix-assisted laser desorption/ionization time-of-flight mass spectrometry [MALDI-TOF/MS]) and electrospray ionization mass spectroscopy (ESI-MS) methods, indicated that the C−P bond is broken more quickly than the C−N bond in CzPO2. The BDE and transition energy calculations showed that the S1 energy is comparable to the BDE of C−P and C−N (only 2 kcal/mol difference). Consequently, the unimolecular homolytic dissociations of C−P and C−N is suggested to occur in the S1 state of CzPO2. In the anionic state, the BDE of the C-P bond is reduced by half, and therefore the C−P single bond is more easily broken. Subsequently, this research group studied the chemical stability of a series of blue-emitting materials containing different electron acceptors such as diphenylsulfone (DPSO), diphenylthiophene sulfone (DBTO), and ketone (CO) in the excited state and the positive and negative ion radical states by the same method (Figure 2c).60 The analysis results indicate a molecular stability order of CO > DBTO > PO > DPSO. Very recently, Li et al.61 demonstrated minimal activation energy of ∼0.25 eV for the C−S bond breaking in DPSO in the T1 state. The activation energy of C−P bond breaking in the T1 of triphenylphosphine oxide (TPPO) is higher than that of the C−S bond. Also, it was found that the dissociation of C−P and C−S bonds were endothermic and exothermic reactions, respectively, and the stability of TPPO was better than DPSO. A proportional relationship was found between the BDE and the adiabatic T1 transition energy, indicated that the extension of the π-conjugation could significantly stabilize a molecule in T1 state. Such a conclusion based on BDE calculation also contributed to the design of the molecules for long-lifetime OLEDs. The up-conversion energy transfer that occurred through dipolar–dipolar interaction might also be responsible for the degradation in blue FOLEDs. The energy superposition of two blue-emissive singlet excitons through a Förster resonance energy transfer (FRET) pathway could break any chemical bond.46,62 The probability of singlet–singlet annihilation (SSA) in FOLEDs is believed to be very low because the radiative lifetime of a fluorescent emitter is as short as a few nanoseconds.63–65 However, taking into account the facts that small amounts of decomposition products can effectively quench the luminescence and the degradation measurement is undertaken in a time of thousands of hours,62,66 it cannot be ruled out that the molecule dissociation is caused by SSA in blue FOLEDs.67 It has been demonstrated that the accumulation of hole on the interface between HTL and EML causes device degradation due to either physical or chemical causations, especially in blue OLEDs containing a wide-bandgap host in EML. A graded heterojunction between the hole transport layer (HTL) and an electron transport layer (ETL) has been proposed to eliminate the discrete HTL/ETL interface by Bai et al.68 They fabricated the graded junction layer by insertion of a layer composed of NPB and TBADN between the HTL composed of NPB and the EML composed of is used as blue and TBADN is It was suggested that the graded junction the molecular due to a decrease of Joule heat in the resulting in of the device lifetime. Besides, the graded junction design of the device et the stability of the blue FOLEDs by using EML by and materials to eliminate the barrier and the two blue-emitting devices with and without a host was used as blue is and was In the device, two kinds of were One was the and the other was EML. The EML structure was employed to hole into the electron layer and to better of in the EML and to reduce the interface by the of the a a large increase of LT50 from to h at the L0 of cd/m2 was the of of the blue FOLED an was reported by Zhang et They fabricated the two blue FOLEDs with the structures of One OLED has the composed of and the other has the composed of has exciton and high electron which is more than two of magnitude higher than that of The of OLED with is much better than OLED with for the operation the OLED exhibits LT50 than the The better of the is considered to be caused by a higher of T1 state in the which the chance of and in the the OLED the LT50 is to be the same for the two OLEDs, although the OLED with is a than the OLED with a between EL and stability was not Such a new suggests degradation mechanism for blue FOLEDs. Degradation mechanisms in blue PHOLEDs It is that the operational stability of blue PHOLEDs is not which is usually to unstable coordination bonds and extremely long lifetimes of the phosphorescent materials. complexes with heavy and other transition have a luminescent transfer state and a due to electronic is as a the molecule the potential energy barrier from the state to the state, the coordination bond would be and broken (Figure The by this process is to with molecules to a Therefore, the energy difference between the two states is expected to the stability of the (Figure the highly state is to the state, the phosphorescent emitters might reach the by the from at and are at of the activation energy of the molecule to generate could be effectively by the structure and substituent the sky blue phosphorescent emitter the dissociation of the in excited is considered to be the for device Consequently, one to a long operational lifetime from is the modification of the structure for energy Figure 3 | (a) of and in and coordination of complexes at the dissociation and (b) of the (left image), and of the energy dissociation activation energy for complexes (right image). Figure created with data from Copyright American Chemical Society. (c) energy of four complexes in their and states and EL as a of the device time under a current corresponding to initial of cd/m2 image). pathway in a fluorescence Adapted with permission from ref Download figure Download PowerPoint Recently, et al. three blue-emitting and were from by the addition of an to the of in (Figure which the energy level without the energy the devices employing these four device exhibits the operational which is three of magnitude than the devices employing the other three emitters. to the energy between state and states is small 5 for and In contrast, the energy of MS2 and is calculated to be 15 and 12 (Figure a under device activation from to states is reduced for MS2 than for the other The different stability of the PHOLEDs based on different of complexes were found to be to the → → S0 by et In the are more and less emissive than to the this is caused by the of three different triplet and the small activation to these the that only one pathway active and high activation The excited states are responsible for breaking the bond as mentioned and is by the activation process from the state. Therefore, it is that the formation and of the excited states are confirmed to an in such dissociation reactions in for phosphorescent emitters to reach the state is it is still exciton–exciton interaction the lifetime of FOLEDs, it has been widely that a in the degradation of This is based on the that the excited state lifetime of a is three of magnitude than that of a et proposed that two triplet excitons one exciton energy to the other a ground state molecule and a high-energy exciton (Figure The high-energy exciton was expected to cause the decomposition of In addition to such a annihilation also to the degradation of In a one triplet exciton energy to a which is excited (Figure This excited is active and will with a host or guest materials to defects in the The shows that the of formation is to the energy and the lifetime of the excited et found that in devices with an EML of the of host mCBP is unstable and with excited and of the Degradation is due to the formation of which in the and the over They"
2020,2020-07-06,The Journal of Physical Chemistry Letters,Polymer Featuring Thermally Activated Delayed Fluorescence as Emitter in Light-Emitting Electrochemical Cells,10.1021/acs.jpclett.0c01506,Petter Lundberg; Qiang Wei; Ziyi Ge; Brigitte I. Voit; Sebastian Reineke; Ludvig Edman,https://doi.org/10.1021/acs.jpclett.0c01506,Crossref; OpenAlex,TADF LEC; TADF light emitting electrochemical cell; TADF light-emitting electrochemical cell; ionic emitter TADF,"Abstract Semiconducting polymers that feature thermally activated delayed fluorescence (TADF) can deliver a much desired combination of high-efficiency and metal-free electroluminescence and cost-efficient solution-based fabrication. A TADF polymer is thus a very good fit for the emitting compound in light-emitting electrochemical cells (LECs) because the commonly employed air-stabile and few-layer LEC architecture is well suited for such solution-based fabrication. Herein we report on the first LEC device based on a TADF polymer as the emitting species, which delivers a luminance of 96 cd m–2 at 4 V and a current efficacy of 1.4 cd A–1 and &gt;600 cd m–2 at 6 V, which is competitive with the performance of multilayer organic light-emitting diodes based on the same TADF polymer. We further utilize the established sensitivity of the emission of the TADF polymer to its environment to draw conclusions on the exciton populations in host-guest and host-free TADF LEC devices."
2020,2020-05-08,Frontiers in Chemistry,Highly Efficient Deep Blue Luminescence of 2-Coordinate Coinage Metal Complexes Bearing Bulky NHC Benzimidazolyl Carbene,10.3389/fchem.2020.00401,Rasha Hamze; Muazzam Idris; Daniel Sylvinson Muthiah Ravinson; Moon Chul Jung; Ralf Haiges; Peter I. Djurovich; Mark E. Thompson,https://doi.org/10.3389/fchem.2020.00401,OpenAlex,TADF light emitting electrochemical cell; TADF light-emitting electrochemical cell; anionic thermally activated delayed fluorescence,"The structural, photophysical and electrochemical properties of three luminescent 2-coordinate coinage metal (i.e. M = Cu, Ag, Au) complexes bearing a sterically bulky benzimidazolyl carbene, 1,3 bis(2,6 diisopropylphenyl)-1-H-benzo[d]imidazol-2-ylidene (BZI), and carbazolide (Cz) as the anionic ligand were investigated. All the complexes emit in the deep blue region (~430 nm) with relatively narrow (full width at half maximum = 44 nm, 2300 cm-1) and vibronic fine structure in nonpolar media (methylcyclohexane at room temperature), and with high photoluminescence quantum yields (PLQY > 80%) and radiative rate constants (kr ~ 7.8×105 s-1). The luminescence is solvatochromic, undergoing red-shifts in a polar solvent (CH2Cl2) at room temperature that are accompanied by a decrease in quantum yields (PL < 23%) and radiative rate constants (kr < 4.0×104 s-1), whereas the non-radiative rate constants remain nearly constant (knr ~ 1.0×105 s-1). The radiative rate is controlled via thermally assisted delayed fluorescence (TADF) and temperature-dependent luminescence studies of the gold complex (AuBZI) in methylcyclohexane solution reveal an energy difference between the lowest singlet and triplet excited states of 920 cm 1. Organic light-emitting diodes (OLEDs) fabricated using AuBZI as a luminescent dopant have an external quantum efficiency of 12% and narrow, deep-blue emission (CIE = 0.16, 0.06)."
2020,2020-02-11,Journal of the American Chemical Society,Blending Ionic and Coordinate Bonds in Hybrid Semiconductor Materials: A General Approach toward Robust and Solution-Processable Covalent/Coordinate Network Structures,10.1021/jacs.9b13772,Xiuze Hei; Wei Liu; Kun Zhu; Simon J. Teat; Stephanie J. Jensen; Ming‐Xing Li; Deirdre M. O’Carroll; Kevin Wei; Kui Tan; Mircea Cotlet; Timo Thonhauser; Jing Li,https://doi.org/10.1021/jacs.9b13772,Crossref; OpenAlex,anionic thermally activated delayed fluorescence; cationic thermally activated delayed fluorescence; ionic TADF; ionic emitter TADF; ionic thermally activated delayed fluorescence,"Inorganic semiconductor materials are best known for their superior physical properties, as well as their structural rigidity and stability. However, the poor solubility and solution-processability of these covalently bonded network structures has long been a serious drawback that limits their use in many important applications. Here, we present a unique and general approach to synthesize robust, solution-processable, and highly luminescent hybrid materials built on periodic and infinite inorganic modules. Structure analysis confirms that all compounds are composed of one-dimensional anionic chains of copper iodide (Cu m I m +2 2– ) coordinated to cationic organic ligands via Cu–N bonds. The choice of ligands plays an important role in the coordination mode (μ 1 -MC or μ 2 -DC) and Cu–N bond strength. Greatly suppressed nonradiative decay is achieved for the μ 2 -DC structures. Record high quantum yields of 85% (λ ex = 360 nm) and 76% (λ ex = 450 nm) are obtained for an orange-emitting 1D-Cu 4 I 6 ( L 6 ). Temperature dependent PL measurements suggest that both phosphorescence and thermally activated delayed fluorescence contribute to the emission of these 1D-AIO compounds, and that the extent of nonradiative decay of the μ 2 -DC structures is much less than that of the μ 1 -DC structures. More significantly, all compounds are remarkably soluble in polar aprotic solvents, distinctly different from previously reported CuI based hybrid materials made of charge-neutral Cu m X m (X = Cl, Br, I), which are totally insoluble in all common solvents. The greatly enhanced solubility is a result of incorporation of ionic bonds into extended covalent/coordinate network structures, making it possible to fabricate large scale thin films by solution processes."
